"","Study_number","Record_number","N","OtherFactor","Longitude","Clay_percent","Clay_depth","SOC_percent","SOC_depth","manipSM_per","manipSM_depth","BBL_notes","Percent_control","SM_mean","SM_sd","Author","Study_midyear","Latitude","Ecosystem_type","Manipulation","Manipulation_level","Meas_method","Species","Soil_type","Elevation","Meas_interval","Variable","Manip_Resp","Manip_SD","contSM_per","contSM_depth","Quality_flag","Control_Resp","Control_SD","Duration","sg_clay","sg_ocs","yi","vi"
"1",1639,116,4,NA,-79.2,1.34,15,NA,NA,3.5,50,"Volumetric; estimated SM from figure 1b",161,0.077,NA,"Maier",1995.5,34.63,"Forest","Irrigation","","IRGA","Pinus taeda","Psammentic Hapludult",NA,30,"Rs_annual",3.93467748328621,1.23942340723516,2.5,50,"",3.33747324472161,1.05130407208731,0,165.057692307692,49.4615384615385,0.164614910333518,0.0496125
"2",1639,116,4,NA,-79.2,1.34,15,NA,NA,3.5,50,"Volumetric; estimated SM from figure 1b",161,0.077,NA,"Maier",1995.5,34.63,"Forest","Irrigation","","IRGA","Pinus taeda","Psammentic Hapludult",NA,30,"Rh_annual",1.9660174933277,0.619295510398224,2.5,50,"",1.58549797849008,0.499431863224374,0,165.057692307692,49.4615384615385,0.215111379616945,0.0496125
"3",1421,761,4,NA,9.57,NA,NA,NA,NA,NA,10,NA,63.996,NA,NA,"Borken",1993,51.52,"Forest","Drought","Roof+drought","Gas chromatography","Picea abies","Typic Dystrochrept",510,7,"Rs_annual",0.787463995983405,0.109927859841979,NA,10,"",0.798033982506672,0.0615701714980313,0,295.5,67.9,-0.0133335308694651,0.00635997265784618
"4",1421,762,3,NA,9.57,NA,NA,NA,NA,NA,10,NA,116.136,NA,NA,"Borken",1994,51.52,"Forest","Irrigation","","Gas chromatography","Picea abies","Typic Dystrochrept",510,7,"Rs_annual",0.827101445445657,0.0967153766878947,NA,NA,NA,NA,NA,1,295.5,67.9,NA,NA
"5",3978,845,6,NA,-98.2,NA,NA,NA,NA,17.9,10,NA,390.5027933,0.179,0.057,"McCulley",1996.5,27.67,"Savanna","Irrigation","40 mm/week","IRGA","Mix","Fine sandy loam",NA,30,"Rs_annual",3.07850857490157,1.94709089342811,6.3,10,"",2.077002351822,1.63005247866184,0,271.019230769231,33.6730769230769,0.393519573570594,0.169326025883323
"6",3978,846,6,NA,-98.2,NA,NA,NA,NA,14.3,10,NA,390.5027933,0.143,0.053,"McCulley",1996.5,27.67,"Savanna","Irrigation","40 mm/week","IRGA","Prosopis glandulosa","Fine sandy loam",NA,30,"Rs_annual",3.23441587611976,1.70924416219644,5.8,10,"",1.86824511798747,1.52617206828211,0,271.019230769231,33.6730769230769,0.548848797175699,0.157765483160913
"7",3978,847,6,NA,-98.2,NA,NA,NA,NA,13.8,10,NA,390.5027933,0.138,0.048,"McCulley",1996.5,27.67,"Savanna","Irrigation","40 mm/week","IRGA","Prosopis glandulosa","Sandy loam",NA,30,"Rs_annual",5.47261052242158,3.05203279074069,5.9,10,"",2.36767698121185,1.815219018841,0,271.019230769231,33.6730769230769,0.837846448420654,0.149799747942603
"8",3978,848,6,NA,-98.2,NA,NA,NA,NA,16.8,10,NA,390.5027933,0.168,0.049,"McCulley",1996.5,27.67,"Savanna","Irrigation","40 mm/week","IRGA","Prosopis glandulosa","Sandy clay loam",NA,30,"Rs_annual",4.76177892873187,2.78866611262321,9,10,"",2.31482704859551,1.63090087519488,0,271.019230769231,33.6730769230769,0.721286347231892,0.139892178552377
"9",4051,1046,3,NA,-110.5,NA,NA,6.2,NA,25.5,12,NA,150,0.14,NA,"Risch",2005,45,"Grassland","Irrigation","","IRGA","Poa sandbergii","Loamy sand",1890,30,"Rs_growingseason",2.21,1.021909976,14,12,"",2.01,1.385640646,0,179.96,58.18,0.0948577934586771,0.229684007395574
"10",4051,1047,3,NA,-110.5,NA,NA,1.2,NA,21.2,12,NA,150,0.16,NA,"Risch",2005,45,"Grassland","Irrigation","","IRGA","Festuca idahoensis","Sandy loam",1650,30,"Rs_growingseason",3.02,1.870614872,16,12,"",4.03,2.199704526,0,179.96,58.18,-0.288509544571813,0.227200126455684
"11",4051,1048,3,NA,-110.5,NA,NA,8.9,NA,36.2,12,NA,150,0.33,NA,"Risch",2005,45,"Grassland","Irrigation","","IRGA","Phleum pratense","Loam",2430,30,"Rs_growingseason",5.03,1.853294364,33,12,"",4.73,2.026499445,0,179.96,58.18,0.0614947816078063,0.106436985528949
"12",4051,1049,3,NA,-110.5,NA,NA,3.5,NA,40.7,12,NA,150,0.38,NA,"Risch",2005,45,"Grassland","Irrigation","","IRGA","Poa pratensis","Clay loam",1920,30,"Rs_growingseason",6.04,2.182384018,38,12,"",5.54,2.528794179,0,179.96,58.18,0.0864095111875311,0.112970056152299
"13",4051,1050,3,NA,-110.5,NA,NA,6.2,NA,48.6,12,NA,150,0.47,NA,"Risch",2005,45,"Grassland","Irrigation","","IRGA","Carex praegracilis","Sandy loam",2260,30,"Rs_growingseason",6.04,0.7967433715,47,12,"",6.74,3.914434825,0,179.96,58.18,-0.109655912977492,0.11823403498339
"14",4085,1058,16,NA,-51.46,13,10,1.17,10,16.2,30,NA,50,0.162,0.006,"Sotta",2002.5,-1.72,"Forest","Drought","","IRGA","Mix","Yellow oxisol",NA,21,"Rs_annual",3.20006341991914,0.100001981872473,NA,NA,NA,NA,NA,0,387.30612244898,40.6530612244898,NA,NA
"15",2694,1226,4,NA,-79.48,1.34,15,NA,NA,3.5,50,"Volumetric; estimated SM from figure 1b",133,0.04,NA,"Maier",1996,34.91,"Forest","Irrigation","","","Pinus palustris","Psammentic hapludult",14,NA,"Rs_annual",2.74291150278783,0.0792748989245039,2.5,50,"",2.14306476759242,0.0792748989245039,0,147.38,39.42,0.246783009610421,0.000550917897772028
"16",3263,1281,3,NA,-72.18,NA,NA,NA,NA,NA,5,"""Volumetric water content of the A horizon was not significantly affected by throughfall exclusion.""",0,NA,NA,"Borken",2002,42.53,"Forest","Drought","","IRGA","Acer rubrum; Quercus rubra","Fine sandy loam",340,0.1,"Rs_annual",2.54736675210739,0.115789397827868,NA,5,"",3.03358613217768,0.301042898554554,0,85.3469387755102,57.7755102040816,-0.174685282268966,0.00397134221990776
"17",1268,1464,3,NA,-148.48,NA,NA,NA,NA,NA,20,NA,0,0.11,NA,"Billings",1996,64.69,"Forest","Drought","","Gas chromatography","Betula papyrifera; Picea glauca; Populus balsamifera","Silt loam (Alfic Cryoquept)",308,NA,"Rs_growingseason",2.44,0.41,NA,NA,"",3.68,0.46,0,141.294117647059,36.2352941176471,-0.410914712875729,0.0146200058228075
"18",1268,1465,3,NA,-148.29,NA,NA,NA,NA,NA,20,NA,0,0.45,NA,"Billings",1996,64.72,"Forest","Drought","","Gas chromatography","Picea glauca; Populus balsamifera","Silt loam (Typic Cryofluvent)",139,NA,"Rs_growingseason",1.67,0.02,NA,20,"",2.77,0.09,0,123,32.9423076923077,-0.506023693770583,0.000399696387419909
"19",1268,1468,3,NA,-148.48,NA,NA,NA,NA,NA,20,NA,0,0.14,NA,"Billings",1997,64.69,"Forest","Drought","","Gas chromatography","Betula papyrifera; Picea glauca; Populus balsamifera","Silt loam (Alfic Cryoquept)",308,NA,"Rs_growingseason",1.98,0.4,NA,20,"",2.09,0.23,1,141.294117647059,36.2352941176471,-0.0540672212702757,0.0176408968764659
"20",1268,1469,3,NA,-148.29,NA,NA,NA,NA,NA,20,NA,0,0.35,NA,"Billings",1997,64.72,"Forest","Drought","","Gas chromatography","Picea glauca; Populus balsamifera","Silt loam (Typic Cryofluvent)",139,NA,"Rs_growingseason",2.2,0.24,NA,20,"",3.07,0.47,1,123,32.9423076923077,-0.333220201234835,0.011779580302304
"21",4549,1525,10,"Unrestored",-111.73,NA,NA,NA,NA,NA,15,NA,200,0.17,0.01,"Selmants",2000.5,35.27,"Forest","Irrigation","","Alkali absorption","Pinus ponderosa","Typic Argiborolls; Mollic Eutroboralfs",2250,14,"Rs_annual",2.61342916787781,0.0396374494622519,NA,15,"Q01",2.37824696773512,0.0528499326163359,0,279.211538461538,44.8076923076923,0.0942995682984015,7.23860050085197e-05
"22",4549,1528,10,"Restored",-111.73,NA,NA,NA,NA,NA,15,NA,200,0.26,0.005,"Selmants",2000.5,35.27,"Forest","Irrigation","","Alkali absorption","Pinus ponderosa","Typic Argiborolls; Mollic Eutroboralfs",2250,14,"Rs_annual",3.10493354120973,0.0739899056628703,NA,15,"Q01",2.75876648257273,0.0660624157704199,0,279.211538461538,44.8076923076923,0.118208658135675,0.000114128692420922
"23",4564,1545,3,NA,5.92,NA,NA,NA,NA,13,10,NA,77,0.19,NA,"Sowerby",2001,52.4,"Shrubland","Drought","","Gas chromatography","Calluna vulgaris; Molinia caerulea; Deschampsia flexuosa","Sandy podzol",NA,21,"Rs_annual",0.562851782363977,NA,21,10,"",0.694976613904817,NA,0,86.3921568627451,64.4313725490196,-0.210861866468339,NA
"24",4564,1546,3,NA,-10.95,NA,NA,NA,NA,18,10,NA,77,0.2,NA,"Sowerby",2001,56.38,"Shrubland","Drought","","IRGA","Calluna vulgaris; Deschampsia flexuosa","Sandy podzol",NA,21,"Rs_annual",0.626271701503581,NA,23,10,"",1.57757048859763,NA,0,NA,NA,-0.923856972257471,NA
"25",4270,1932,18,NA,-54.95,70,NA,NA,NA,NA,NA,NA,65,NA,NA,"Davidson",2003,-2.9,"Forest","Drought","65% annual precip","IRGA","Mix","Oxisols",NA,60,"Rs_annual",3.3823956874455,0.26424966308168,NA,NA,"",3.3823956874455,0.343524562006183,0,701.06,40.98,0,0.000912136501736111
"26",4257,1934,3,NA,-121.28,NA,NA,NA,NA,18,10,NA,150,0.21,NA,"Chou",2003,39.25,"Grassland","Irrigation","","IRGA","Avena spp.; Bromus spp.; Lolium spp.; Hordeum spp.","Clay loam",345,14,"Rs_annual",3.09172105805565,0.200829743942076,14,10,"Q01",2.67156409375578,0.110984858494305,0,268.659090909091,43.1590909090909,0.14606380877133,0.00198175644621433
"27",4257,1936,3,NA,-121.28,NA,NA,NA,NA,23,10,NA,150,0.22,NA,"Chou",2004,39.25,"Grassland","Irrigation","","IRGA","Avena spp.; Bromus spp.; Lolium spp.; Hordeum spp.","Clay loam",345,14,"Rs_annual",4.14343471712074,0.0158549797849008,20,10,"Q01",3.91089501360886,0.401659487884153,1,268.659090909091,43.1590909090909,0.0577588341521923,0.0035208291596554
"28",4257,1938,3,NA,-121.28,NA,NA,NA,NA,23,10,NA,150,0.21,NA,"Chou",2005,39.25,"Grassland","Irrigation","","IRGA","Avena spp.; Bromus spp.; Lolium spp.; Hordeum spp.","Clay loam",345,14,"Rs_annual",2.6742065903866,0.187617260787992,15,10,"Q01",2.42581190708982,0.192902254049626,2,268.659090909091,43.1590909090909,0.0974864592269205,0.0037485668872942
"29",4257,1940,3,NA,-121.28,NA,NA,NA,NA,18,10,NA,150,0.18,NA,"Chou",2006,39.25,"Grassland","Irrigation","","IRGA","Avena spp.; Bromus spp.; Lolium spp.; Hordeum spp.","Clay loam",345,14,"Rs_annual",2.51037179927596,0.245752186665962,11,10,"Q01",2.3438945115345,0.0687049124012367,3,268.659090909091,43.1590909090909,0.0686170022850071,0.00348086325504488
"30",2809,2010,4,NA,-47.95,20,20,2.2,10,22,10,"Gravimetric",121,NA,NA,"Vasconcelos",2001,-1.32,"Forest","Irrigation","5 mm/day","IRGA","Lacistema pubescens; Myrcia sylvatica; Vismia guianensis; Cupania scrobiculata","Sombriustox",NA,14,"Rs_annual",5.34048569088074,0.406944481145787,10,10,"",4.20949713289116,0.195544750680443,0,302.833333333333,53.8125,0.237973407493572,0.00199108194116574
"31",2809,2012,4,NA,-47.95,20,20,2.2,10,22,10,"Gravimetric",134,NA,NA,"Vasconcelos",2002,-1.32,"Forest","Irrigation","5 mm/day","IRGA","Lacistema pubescens; Myrcia sylvatica; Vismia guianensis; Cupania scrobiculata","Sombriustox",NA,14,"Rs_annual",5.91126496313717,0.417514467669054,10,10,"",5.25328330206379,0.332954575482916,1,302.833333333333,53.8125,0.11800657427361,0.0022514251446741
"32",2952,2061,3,NA,-96.58,NA,NA,NA,NA,20,15,NA,70,0.26,0.05,"Harper",1999,39.08,"Grassland","Drought","","IRGA","Grasses (mix)","Silty clay loam",NA,NA,"Rs_growingseason",8.67,0.692820323,NA,NA,NA,NA,NA,0,430.775510204082,97.9387755102041,NA,NA
"33",3983,2274,18,NA,-51.55,18,NA,0.9,5,NA,NA,NA,50,NA,NA,"Metcalfe",2004.5,-1.72,"Forest","Drought","","IRGA","Mix","Sand (Oxisol)",NA,30,"Rs_annual",3.43524562006183,0.422799460930687,NA,NA,"",3.43524562006183,0.438654440715588,0,370.72,40.48,0,0.0017474030243261
"34",3983,2274,18,NA,-51.55,18,NA,0.9,5,NA,NA,NA,50,NA,NA,"Metcalfe",2004.5,-1.72,"Forest","Drought","","IRGA","Mix","Sand (Oxisol)",NA,30,"Rh_annual",1.58549797849008,NA,NA,NA,"",1.84974764157176,NA,0,370.72,40.48,-0.154150679827258,NA
"35",3730,2304,12,NA,0.92,NA,NA,NA,NA,11.9,10,"""we experimentally decreased soil moisture by 30%""",0,NA,NA,"Asensio",2003,41.22,"Forest","Drought","","IRGA","Quercus ilex; Phyllirea latifolia","Stony Xerochrept",930,60,"Rs_annual",2.26990460587163,0.200829743942076,NA,NA,NA,NA,NA,0,293.941176470588,58.8235294117647,NA,NA
"36",3710,2371,6,NA,-97.52,9.7,NA,1.42,NA,22,15,"""Doubled precipitation increased soil moisture approximately by 2% volumetrically""",200,0.22,NA,"Zhou",2002,34.98,"Grassland","Irrigation","","IRGA","Grasses (mix)","Silt loam",NA,30,"Rs_annual",2.67684908701741,0.550185313267976,NA,NA,NA,NA,NA,0,324.384615384615,43.9423076923077,NA,NA
"37",4412,2917,3,NA,19.42,NA,NA,0.3,10,1.7,11,NA,95,NA,NA,"Lellei-Kovács",2003,46.87,"Grassland","Drought","","IRGA","Festuca vaginata; Populus alba","Sandy (Calcaric arenosol)",NA,NA,"Rs_growingseason",0.36,NA,2.5,11,"Q03",0.38,NA,0,192.46,35.68,-0.0540672212702758,NA
"38",4412,2920,3,NA,19.42,NA,NA,0.3,10,4.5,11,NA,85,NA,NA,"Lellei-Kovács",2004,46.87,"Grassland","Drought","","IRGA","Festuca vaginata; Populus alba","Sandy (Calcaric arenosol)",NA,NA,"Rs_growingseason",0.47,NA,5.3,11,"Q03",0.51,NA,1,192.46,35.68,-0.0816780310142672,NA
"39",4412,2923,3,NA,19.42,NA,NA,0.3,10,1.9,11,NA,80,NA,NA,"Lellei-Kovács",2005,46.87,"Grassland","Drought","","IRGA","Festuca vaginata; Populus alba","Sandy (Calcaric arenosol)",NA,NA,"Rs_growingseason",0.32,NA,2.7,11,"Q03",0.45,NA,2,192.46,35.68,-0.340926586970593,NA
"40",4412,2926,3,NA,19.42,NA,NA,0.3,10,4.6,11,NA,72,NA,NA,"Lellei-Kovács",2006,46.87,"Grassland","Drought","","IRGA","Festuca vaginata; Populus alba","Sandy (Calcaric arenosol)",NA,NA,"Rs_growingseason",0.57,NA,5.4,11,"Q03",0.73,NA,3,192.46,35.68,-0.247408173313841,NA
"41",4895,3515,3,NA,10.07,NA,NA,NA,NA,NA,10,NA,116,NA,NA,"Inglima",2004.5,42.58527778,"Forest","Irrigation","","IRGA","Pinus halepensis","",NA,NA,"Rs_growingseason",4.7,1.21,NA,10,"",3.7,0.92,0,282.771428571429,48.6857142857143,0.239229689065834,0.0427016698957041
"42",4895,3516,3,NA,10.07,NA,NA,NA,NA,NA,10,NA,103,NA,NA,"Inglima",2004.5,42.58527778,"Shrubland","Irrigation","","IRGA","Juniperus phoeniciea; Rosmarinus officinale; Bromus fasciculatus; Pistacia lentiscus","",NA,NA,"Rs_growingseason",3.71,1.66,NA,10,"",2.13,0.55,0,282.771428571429,48.6857142857143,0.55490989689801,0.0889591526539332
"43",4895,3517,3,NA,10.07,NA,NA,NA,NA,NA,10,NA,103,NA,NA,"Inglima",2004.5,42.58527778,"Grassland","Irrigation","","IRGA","Avena barbata; Asphodelus ramosus ;Lagurus ovatus","",NA,NA,"Rs_growingseason",4.05,1.86,NA,10,"",1.95,0.36,0,282.771428571429,48.6857142857143,0.730887508542792,0.0816673024840167
"44",4849,3737,12,NA,-84.39,NA,NA,NA,NA,NA,15,NA,8,0.2,NA,"Garten",2005,35.57,"Grassland","Drought","","IRGA","Plantago lanceolata; Andropogon virginicus; Festuca pratense; Dactylis glomerata; Solidago canadensis; Trifolium pratense Lespedeza cuneata","Fragiudult (silt loam)",NA,NA,"Rs_growingseason",2.8,1.558845727,NA,15,"",3.4,1.385640646,0,250.56,44.76,-0.194156014440958,0.0396699120876097
"45",4849,3745,12,NA,-84.39,NA,NA,NA,NA,NA,15,NA,8,0.2,NA,"Garten",2006,35.57,"Grassland","Drought","","IRGA","Plantago lanceolata; Andropogon virginicus; Festuca pratense; Dactylis glomerata; Solidago canadensis; Trifolium pratense Lespedeza cuneata","Fragiudult (silt loam)",NA,NA,"Rs_growingseason",3,1.732050808,NA,15,"",3.5,0.8660254038,1,250.56,44.76,-0.154150679827258,0.0328798186081159
"46",5587,3844,3,NA,3.71,NA,NA,NA,NA,16,15,"SM estimated from Figure 1 and text",73,NA,NA,"Misson",2004,43.74138889,"Forest","Drought","","IRGA","Quercus ilex","Clay",270,0.1,"Rs_annual",1.78897021906297,0.536691065718891,18,15,"",2.00301244615913,0.0801204978463652,0,277,61.7608695652174,-0.113012112730097,0.0305333333333333
"47",5587,3846,3,NA,3.71,NA,NA,NA,NA,12.5,15,"SM estimated from Figure 1 and text",73,NA,NA,"Misson",2005,43.74138889,"Forest","Drought","","IRGA","Quercus ilex","Clay",270,0.1,"Rs_annual",1.87617260787993,1.20075046904315,14,15,"",2.11399730465344,0.116269851755939,1,277,61.7608695652174,-0.119346757632566,0.137541666666667
"48",5448,3966,3,NA,120.02,12.1,5,1.63,5,30,12,"SM estimated from Figure 1c",30,NA,NA,"van Straaten",2007.5,-1.552,"Forest","Drought","","IRGA","Theobroma cacao; Gliricidia sepium","Cambisol (sandy loam)",560,30,"Rs_annual",2.77462146235764,1.3212483154084,NA,NA,NA,NA,NA,0,426.176470588235,65.4901960784314,NA,NA
"49",5536,4008,5,NA,116.68,NA,NA,NA,NA,13,10,NA,130,0.13,0.004472135955,"Yan",2006,42.45,"Grassland","Irrigation","15 mm H2O/week","IRGA","Stipa krylovii; Artemisia frigida; Potentilla acaulis; Cleistogenes squarrosa; Allium bidentatum; Agropyron cristatum","Aridisols",NA,3,"Rs_growingseason",3.15,0.4472135955,10,10,"",2.91,0.4248529157,0,177,29.14,0.0792493716541405,0.00829429995477284
"50",5536,4012,5,NA,116.68,NA,NA,NA,NA,11,10,NA,130,0.11,0.002236067977,"Yan",2007,42.45,"Grassland","Irrigation","15 mm H2O/week","IRGA","Stipa krylovii; Artemisia frigida; Potentilla acaulis; Cleistogenes squarrosa; Allium bidentatum; Agropyron cristatum","Aridisols",NA,3,"Rs_growingseason",1.48,0.0894427191,8,10,"",1.61,0.1118033989,1,177,29.14,-0.084192091220348,0.00169492915374005
"51",5308,4152,3,NA,8.17,NA,NA,3.9,10,7.4,10,NA,84,NA,NA,"De Dato",2002.5,40.62,"Shrubland","Drought","","IRGA","Cistus monspeliensis; Helichrysum italicum; Dorycnium pentaphyllum","Lithic Xerorthent and Typic Rhodoxeralfs (Sandy loam)",40,30,"Rs_annual",3.29994979256401,0.200036994952831,9.6,10,"Q01",3.45004360119441,0.400073989905663,0,234.690476190476,67.5238095238095,-0.0444796150086202,0.00570725103227104
"52",5308,4155,3,NA,8.17,NA,NA,3.9,10,11,10,NA,64,NA,NA,"De Dato",2003.5,40.62,"Shrubland","Drought","","IRGA","Cistus monspeliensis; Helichrysum italicum; Dorycnium pentaphyllum","Lithic Xerorthent and Typic Rhodoxeralfs (Sandy loam)",40,30,"Rs_annual",2.09999207251011,0.150093808630394,11.9,10,"Q01",2.19987844515498,0.200036994952831,1,234.690476190476,67.5238095238095,-0.046468536908465,0.00445896570667539
"53",5308,4158,3,NA,8.17,NA,NA,3.9,10,7.6,10,NA,64,0.39,NA,"De Dato",2004.5,40.62,"Shrubland","Drought","","IRGA","Cistus monspeliensis; Helichrysum italicum; Dorycnium pentaphyllum","Lithic Xerorthent and Typic Rhodoxeralfs (Sandy loam)",40,30,"Rs_annual",2.59995243506065,0.0998863726448749,12,10,"Q01",2.64989562138308,0.400073989905663,2,234.690476190476,67.5238095238095,-0.0190271004124185,0.00809003941363671
"54",6185,4394,3,NA,-73.23,NA,NA,NA,NA,32.5,5,NA,120,NA,NA,"Wu",2004,42.88333333,"Forest","Irrigation","","IRGA","Quercus rubra; Acer rubrum; Betula alleghaniensis; Fagus grandifolia; Acer saccharum; Tsuga canadensis","Sandy loam",NA,NA,"Rs_growingseason",4.45,0.92,30.1,5,"Q01",4.52,1.12,0,214.941176470588,63.3137254901961,-0.0156078976659908,0.0347135926656525
"55",6185,4396,3,NA,-73.23,NA,NA,NA,NA,36.4,5,NA,120,NA,NA,"Wu",2005,42.88333333,"Forest","Irrigation","","IRGA","Quercus rubra; Acer rubrum; Betula alleghaniensis; Fagus grandifolia; Acer saccharum; Tsuga canadensis","Sandy loam",NA,NA,"Rs_growingseason",5.13,1.31,33.7,5,"Q01",5.93,1.35,1,214.941176470588,63.3137254901961,-0.144918553826956,0.0390120987905593
"56",6166,4403,3,NA,11.93,NA,NA,NA,NA,NA,NA,NA,90,NA,NA,"Cotrufo",2008,42.18333333,"Forest","Drought","-20% precip","IRGA","Arbutus unedo; Erica arborea; Fraxinus ornus","Andisol",500,0.1,"Rs_annual",3.73913273260577,0.330312078852099,NA,NA,"",3.05736860185503,0.19818724731126,0,334.666666666667,60.7254901960784,0.201299082883661,0.00400193864597362
"57",6166,4404,3,NA,11.93,NA,NA,NA,NA,NA,NA,NA,204,NA,NA,"Cotrufo",2008,42.18333333,"Forest","Irrigation","755 mm/yr","IRGA","Arbutus unedo; Erica arborea; Fraxinus ornus","Andisol",500,0.1,"Rs_annual",4.98639114235129,0.317099595698015,NA,NA,"",3.05736860185503,0.19818724731126,0,334.666666666667,60.7254901960784,0.489157818174874,0.00274868931377898
"58",6048,4494,5,NA,116.27,NA,NA,NA,NA,16,10,NA,130,0.16,0.006708203932,"Yan",2009,42.03333333,"Grassland","Irrigation","120 mm","IRGA","Stipa krylovii; Agropyron cristatum; Artemesia frigida","Chestnut soil",1324,NA,"Rs_growingseason",3.16,0.2683281573,13.7,10,"",2.74,0.0894427191,0,177.795918367347,24.469387755102,0.142614107198842,0.00165519396468428
"59",6048,4500,5,NA,116.27,NA,NA,NA,NA,12.5,10,NA,130,0.13,0.004472135955,"Yan",2010,42.03333333,"Grassland","Irrigation","120 mm","IRGA","Stipa krylovii; Agropyron cristatum; Artemesia frigida","Chestnut soil",1324,NA,"Rs_growingseason",1.93,0.1118033989,10.7,10,"",1.36,0.06708203932,1,177.795918367347,24.469387755102,0.350035303168833,0.00115775065301701
"60",6112,4556,5,NA,35.05,NA,NA,NA,NA,31,5,"SM estimated from Figure 1",130,NA,NA,"Talmon",2006.5,31.7,"Shrubland","Irrigation","","IRGA","Sarcopoterium spinosum","Clay (Terra rossa)",500,30,"Rs_annual",1.88938509103401,NA,22,5,"",1.67534286393785,NA,0,436.632653061225,41.3673469387755,0.120233588256782,NA
"61",6112,4557,5,NA,35.05,NA,NA,NA,NA,22,5,"SM estimated from Figure 1",70,NA,NA,"Talmon",2006.5,31.7,"Shrubland","Drought","","IRGA","Sarcopoterium spinosum","Clay (Terra rossa)",500,30,"Rs_annual",1.58549797849008,NA,22,5,"",1.67534286393785,NA,0,436.632653061225,41.3673469387755,-0.0551192992210796,NA
"62",6112,4559,5,NA,34.9,NA,NA,NA,NA,21,5,"SM estimated from Figure 1",130,NA,NA,"Talmon",2006.5,31.38333333,"Shrubland","Irrigation","","IRGA","Sarcopoterium spinosum","Loam (Brown Rendiza)",500,30,"Rs_annual",1.49036809978067,NA,20,5,"",1.13363105462041,NA,0,362.06,29.94,0.273597332570042,NA
"63",6112,4560,5,NA,34.9,NA,NA,NA,NA,17,5,"SM estimated from Figure 1",70,NA,NA,"Talmon",2006.5,31.38333333,"Shrubland","Drought","","IRGA","Sarcopoterium spinosum","Loam (Brown Rendiza)",500,30,"Rs_annual",1.24725840974553,NA,20,5,"",1.13363105462041,NA,0,362.06,29.94,0.0955220666575382,NA
"64",6168,4596,6,NA,-96.58,NA,NA,NA,NA,33.3,15,NA,70,NA,NA,"Fay",1998,39.08333333,"Grassland","Drought","70% precip","IRGA","Andropogon gerardii; Sorghastrum nutans; Panicum virgatum; Sporobolus aspe; Solidago canadensis; Aster ericoides;  Solidago missouriensis","Silty clay loam",NA,NA,"Rs_growingseason",9.7,1.224744871,37,15,"Q01",9.7,1.224744871,0,435.3,101.48,0,0.0053140610020222
"65",6168,4597,6,NA,-96.58,NA,NA,NA,NA,34.2,15,NA,70,NA,NA,"Fay",1999,39.08333333,"Grassland","Drought","70% precip","IRGA","Andropogon gerardii; Sorghastrum nutans; Panicum virgatum; Sporobolus aspe; Solidago canadensis; Aster ericoides;  Solidago missouriensis","Silty clay loam",NA,NA,"Rs_growingseason",7,0.07348469228,38,15,"Q01",7.5,0.2449489743,1,435.3,101.48,-0.0689928714869514,0.000196145124746279
"66",6168,4598,6,NA,-96.58,NA,NA,NA,NA,21.6,15,NA,70,NA,NA,"Fay",2000,39.08333333,"Grassland","Drought","70% precip","IRGA","Andropogon gerardii; Sorghastrum nutans; Panicum virgatum; Sporobolus aspe; Solidago canadensis; Aster ericoides;  Solidago missouriensis","Silty clay loam",NA,NA,"Rs_growingseason",7.7,0.4898979486,24,15,"Q01",9,1.469693846,2,435.3,101.48,-0.156004248476581,0.0051190944718597
"67",6168,4599,6,NA,-96.58,NA,NA,NA,NA,25.2,15,NA,70,NA,NA,"Fay",2001,39.08333333,"Grassland","Drought","70% precip","IRGA","Andropogon gerardii; Sorghastrum nutans; Panicum virgatum; Sporobolus aspe; Solidago canadensis; Aster ericoides;  Solidago missouriensis","Silty clay loam",NA,NA,"Rs_growingseason",9.3,0.3674234614,28,15,"Q01",9.9,0.6123724357,3,435.3,101.48,-0.0625203569813339,0.000897835713195122
"68",6168,4600,6,NA,-96.58,NA,NA,NA,NA,19.8,15,NA,70,NA,NA,"Fay",2003,39.08333333,"Grassland","Drought","70% precip","IRGA","Andropogon gerardii; Sorghastrum nutans; Panicum virgatum; Sporobolus aspe; Solidago canadensis; Aster ericoides;  Solidago missouriensis","Silty clay loam",NA,NA,"Rs_growingseason",7,0.1224744871,22,15,"Q01",7.7,0.1224744871,5,435.3,101.48,-0.0953101798043249,9.31860346848874e-05
"69",6168,4601,6,NA,-96.58,NA,NA,NA,NA,26.1,15,NA,70,NA,NA,"Fay",2004,39.08333333,"Grassland","Drought","70% precip","IRGA","Andropogon gerardii; Sorghastrum nutans; Panicum virgatum; Sporobolus aspe; Solidago canadensis; Aster ericoides;  Solidago missouriensis","Silty clay loam",NA,NA,"Rs_growingseason",9.6,0.1224744871,29,15,"Q01",10,0.3674234614,6,435.3,101.48,-0.0408219945202552,0.00025212673607236
"70",6168,4602,6,NA,-96.58,NA,NA,NA,NA,27,15,NA,70,NA,NA,"Fay",2005,39.08333333,"Grassland","Drought","70% precip","IRGA","Andropogon gerardii; Sorghastrum nutans; Panicum virgatum; Sporobolus aspe; Solidago canadensis; Aster ericoides;  Solidago missouriensis","Silty clay loam",NA,NA,"Rs_growingseason",8.2,0.1224744871,30,15,"Q01",8.5,0.6123724357,7,435.3,101.48,-0.0359320092260634,0.000902232152953572
"71",6168,4603,6,NA,-96.58,NA,NA,NA,NA,22.5,15,NA,70,NA,NA,"Fay",2006,39.08333333,"Grassland","Drought","70% precip","IRGA","Andropogon gerardii; Sorghastrum nutans; Panicum virgatum; Sporobolus aspe; Solidago canadensis; Aster ericoides;  Solidago missouriensis","Silty clay loam",NA,NA,"Rs_growingseason",7.6,0.2449489743,25,15,"Q01",8.4,0.6123724357,8,435.3,101.48,-0.100083458556983,0.00105890116900532
"72",6168,4604,6,NA,-96.58,NA,NA,NA,NA,23.4,15,NA,70,NA,NA,"Fay",2007,39.08333333,"Grassland","Drought","70% precip","IRGA","Andropogon gerardii; Sorghastrum nutans; Panicum virgatum; Sporobolus aspe; Solidago canadensis; Aster ericoides;  Solidago missouriensis","Silty clay loam",NA,NA,"Rs_growingseason",9.1,0.1224744871,26,15,"Q01",9,0.3674234614,9,435.3,101.48,0.0110498361865849,0.000307967368361198
"73",6168,4616,6,"Altered timing",-96.58,NA,NA,NA,NA,22,15,NA,70,NA,NA,"Fay",1998,39.08333333,"Grassland","Drought","Altered timing, 70% precip","IRGA","Andropogon gerardii; Sorghastrum nutans; Panicum virgatum; Sporobolus aspe; Solidago canadensis; Aster ericoides;  Solidago missouriensis","Silty clay loam",NA,NA,"Rs_growingseason",8.3,0.3674234614,31.82,15,"Q01",8.4,0.4898979486,0,435.3,101.48,-0.0119761910467156,0.00089350105946629
"74",6168,4617,6,"Altered timing",-96.58,NA,NA,NA,NA,27,15,NA,70,NA,NA,"Fay",1999,39.08333333,"Grassland","Drought","Altered timing, 70% precip","IRGA","Andropogon gerardii; Sorghastrum nutans; Panicum virgatum; Sporobolus aspe; Solidago canadensis; Aster ericoides;  Solidago missouriensis","Silty clay loam",NA,NA,"Rs_growingseason",6.2,0.1224744871,32.68,15,"Q01",6.3,0.2449489743,1,435.3,101.48,-0.0160003413464411,0.000316989053303451
"75",6168,4618,6,"Altered timing",-96.58,NA,NA,NA,NA,20,15,NA,70,NA,NA,"Fay",2000,39.08333333,"Grassland","Drought","Altered timing, 70% precip","IRGA","Andropogon gerardii; Sorghastrum nutans; Panicum virgatum; Sporobolus aspe; Solidago canadensis; Aster ericoides;  Solidago missouriensis","Silty clay loam",NA,NA,"Rs_growingseason",7,0.4898979486,20.64,15,"Q01",7.2,0.4898979486,2,435.3,101.48,-0.0281708769666963,0.00158793146916497
"76",6168,4619,6,"Altered timing",-96.58,NA,NA,NA,NA,18,15,NA,70,NA,NA,"Fay",2001,39.08333333,"Grassland","Drought","Altered timing, 70% precip","IRGA","Andropogon gerardii; Sorghastrum nutans; Panicum virgatum; Sporobolus aspe; Solidago canadensis; Aster ericoides;  Solidago missouriensis","Silty clay loam",NA,NA,"Rs_growingseason",7.9,0.9797958971,24.08,15,"Q01",9.3,0.3674234614,3,435.3,101.48,-0.163151640686234,0.00282383739755863
"77",6248,4767,3,NA,-3.47,NA,NA,NA,NA,35.7,10,NA,83.64174685,0.36,NA,"Carter",2006.5,53.05,"Shrubland","Drought","","IRGA","Calluna vulgaris; Vaccinium myrtillus; E. nigrum","Peaty podzol",490,21,"Rs_annual",1.67270036730703,0.0549232610786671,45.9,10,"",1.3688132547631,0.146462029543112,7.5,227.52,92.54,0.200495179884693,0.00417566277451327
"78",6248,4770,3,NA,10.48,NA,NA,NA,NA,15.1,6,NA,84.28143713,0.15,NA,"Carter",2003.5,56.38333333,"Shrubland","Drought","","IRGA","Calluna vulgaris; Deschampsia flexuosa","Sandy podzol",57,21,"Rs_annual",1.35560077160902,0.0823848916312132,17.6,6,"",1.93430753375789,0.164769783236001,4.5,141.395833333333,62.8541666666667,-0.355504668790542,0.00364985269494491
"79",6248,4776,3,NA,5.9,NA,NA,NA,NA,17.1,10,NA,80.32454361,0.17,NA,"Carter",1999,52.4,"Shrubland","Drought","","IRGA","Calluna vulgaris","Sandy podzol",25,21,"Rs_annual",0.753111539782787,0.329539566366303,21.8,10,"",0.819173955553207,0.219693044314668,0,76.6585365853659,65.0487804878049,-0.0840831172105413,0.0877977406480835
"80",6248,4779,3,NA,1.82,NA,NA,NA,NA,17,15,NA,72.18181818,0.17,NA,"Carter",2007.5,41.31666667,"Shrubland","Drought","","IRGA","Erica multiflora; Globularia alypum","Petrocalcic calcisol",210,21,"Rs_annual",0.787463995983405,0.0869618300346167,19.8,15,"",1.03057368601855,0.13730815270988,8.5,293.442307692308,53.5576923076923,-0.269053252618288,0.00998229196429301
"81",6272,4794,3,NA,112.49,NA,NA,NA,NA,21,5,NA,200,0.21,0.01,"Deng",2007,23.17,"Forest","Irrigation","2x precip","IRGA","Pinus massoniana","",250,10,"Rs_annual",2.53943926221494,0.109975716090162,18,5,"",2.20119969347039,0.11005998467352,0,294.64,50.7,0.14294076680345,0.00145850125044938
"82",6272,4795,3,NA,112.49,NA,NA,NA,NA,31,5,NA,200,0.31,0.01,"Deng",2008,23.17,"Forest","Irrigation","2x precip","IRGA","Schima superba; Castanopsis chinensis; Craibiodendron scleranthum","",260,10,"Rs_annual",3.25027085590466,0.120010000845599,28,5,"",3.03887112543931,0.1299517257617,1,294.64,50.7,0.0672522270091675,0.00106400042765101
"83",6272,4796,3,NA,112.49,NA,NA,NA,NA,30,5,NA,200,0.3,0.01,"Deng",2009,23.17,"Forest","Irrigation","2x precip","IRGA","Castanopsis chinensis; Cryptocarya concinna; Schima superba; Machilus chinensis","",260,10,"Rs_annual",3.08115107153238,0.110041109690035,27,5,"",3.06001109848585,0.130000471500674,2,294.64,50.7,0.00688470877749701,0.00102679052730278
"84",6299,4853,4,NA,-84.48,NA,NA,NA,NA,11.8,30,NA,150,0.118,NA,"Ford",2009,31.27,"Savanna","Irrigation","50%","IRGA","Pinus palustris; Quercus spp.; Aristida spp.","Typic Quartzipsamments",158,0.1,"Rs_annual",2.00829743942076,0.180218270221705,7.8,30,"Q01",1.78368522580134,0.0359379541791084,0,162.461538461538,36.1923076923077,0.118605742407847,0.00211466217620616
"85",6299,4855,4,NA,-84.48,NA,NA,NA,NA,11.8,30,NA,150,0.118,NA,"Ford",2009,31.27,"Savanna","Irrigation","50%","Gradient","Pinus palustris; Quercus spp.; Aristida spp.","Typic Quartzipsamments",158,0.1,"Rs_annual",2.23290965304019,0.216156224400814,7.8,30,"Q01",1.21554845017573,0.288296382422112,0,162.461538461538,36.1923076923077,0.608110137874033,0.0164056553751169
"86",6489,5021,3,NA,121.65,NA,NA,NA,NA,20,10,NA,150,NA,NA,"Ruehr",2010,44.32375,"Forest","Irrigation","","IRGA","Pinus ponderosa","",977,0.02,"Rs_growingseason",2.46,0.2170588235,15.6,10,"",1.64,0.1929411765,0,175.66,28.56,0.405465108108164,0.00720876585998819
"87",6505,5059,6,NA,11.97,2,15,NA,NA,14.8,20,NA,92,NA,NA,"Selsted",2006,55.88333333,"Shrubland","Drought","","IRGA","Calluna vulgaris; Deschampsia flexuosa","Sand",NA,30,"Rs_annual",1.60928044816743,0.0739899056628703,16.3,20,"",1.77575773590889,0.0739899056628703,0,213.705882352941,55.3529411764706,-0.0984400728132525,0.000641666116175629
"88",6505,5066,6,NA,11.97,2,15,NA,NA,14.8,20,NA,92,NA,NA,"Selsted",2007,55.88333333,"Shrubland","Drought","","IRGA","Calluna vulgaris; Deschampsia flexuosa","Sand",NA,30,"Rs_annual",2.05321988214465,0.0792748989245039,16.3,20,"",1.89995507755728,0.0792748989245039,1,213.705882352941,55.3529411764706,0.0775789926466007,0.000538613131503513
"89",6502,5090,3,NA,11.69,NA,NA,NA,NA,45,5,NA,0,0.45,NA,"Schindlbacher",2008,47.70555556,"Forest","Drought","","IRGA","Picea abies; Fagus sylvatica; Abies alba","Chromic Cambisols and Rendzic Leptosols",910,15,"Rs_growingseason",2.731,0.3292690339,50,5,"",3.311,0.7871321876,0,299.06,80.36,-0.192582416073541,0.0236843916663384
"90",6502,5091,3,NA,11.69,NA,NA,NA,NA,40,5,NA,0,0.4,NA,"Schindlbacher",2009,47.70555556,"Forest","Drought","","IRGA","Picea abies; Fagus sylvatica; Abies alba","Chromic Cambisols and Rendzic Leptosols",910,15,"Rs_growingseason",2.802,0.2545944321,45,5,"",3.495,0.6681937925,1,299.06,80.36,-0.220999927770958,0.0149359306768411
"91",6502,5092,3,NA,11.69,NA,NA,NA,NA,40,5,NA,0,0.4,NA,"Schindlbacher",2010,47.70555556,"Forest","Drought","","IRGA","Picea abies; Fagus sylvatica; Abies alba","Chromic Cambisols and Rendzic Leptosols",910,15,"Rs_growingseason",2.688,0.415824791,45,5,"",2.924,0.8911172835,2,299.06,80.36,-0.0841551192266289,0.0389365114239422
"92",6540,5097,3,NA,-71.22,9,NA,NA,NA,30,10,"SM estimated from Figure 1 but relative diff matches results text",150,NA,NA,"Suseela",2009,43.385,"Grassland","Irrigation","","IRGA","Acer rubrum; Betula lenta; Quercus rubra; Pinus strobus; mix","Mesic Typic Dystrudept",NA,30,"Rh_annual",1.41373569748699,0.0343524562006183,25,10,"",1.51943556271966,0.0660624157704199,0,105.473684210526,64.4736842105263,-0.0721032939013438,0.000826934582851553
"93",6540,5098,3,NA,-71.22,9,NA,NA,NA,18,10,"SM estimated from Figure 1 but relative diff matches results text",50,NA,NA,"Suseela",2009,43.385,"Grassland","Drought","","IRGA","Acer rubrum; Betula lenta; Quercus rubra; Pinus strobus; mix","Mesic Typic Dystrudept",NA,30,"Rh_annual",1.19440847712919,0.0396374494622519,25,10,"",1.51943556271966,0.0660624157704199,0,105.473684210526,64.4736842105263,-0.240687860965119,0.000997219730578789
"94",7048,5427,3,NA,112.49,NA,NA,NA,NA,16.91,5,NA,0,0.08,0.003,"Jiang",2007.5,23.17,"Forest","Drought","","IRGA","Pinus massoniana; Rhodomyrtus tomentosa; Dicranopteris linearis","Oxisols",225,10,"Rs_annual",1.09927859841979,0.0499672090214835,27.05,5,"",2.24083714293264,0.13004858417673,0,294.64,50.7,-0.71219537553064,0.00181141994491482
"95",7048,5428,3,NA,112.49,NA,NA,NA,NA,17.21,5,NA,0,0.17,0.007,"Jiang",2007.5,23.17,"Forest","Drought","","IRGA","Schima superba; Castanopsis chinensis; Craibiodendron scleranthum","Oxisols",225,10,"Rs_annual",2.07964484845282,0.119979510477499,27.45,5,"",2.85918135454377,0.199942752054541,0,294.64,50.7,-0.318338210989024,0.00273953901538802
"96",7048,5429,3,NA,112.49,NA,NA,NA,NA,7.75,5,NA,0,0.17,0.007,"Jiang",2007.5,23.17,"Forest","Drought","","IRGA","Castanopsis chinensis; Cryptocarya concinna; Schima superba; and Machilus chinensis","Oxisols",225,10,"Rs_annual",2.1404222709616,0.120023678751685,16.02,5,"",2.89089131411357,0.200061682636155,0,294.64,50.7,-0.300561735315442,0.00264453137018615
"97",7048,5430,3,NA,112.49,NA,NA,NA,NA,29.36,5,NA,200,0.19,0.01,"Jiang",2007.5,23.17,"Forest","Irrigation","Double precipitation","IRGA","Pinus massoniana; Rhodomyrtus tomentosa; Dicranopteris linearis","Oxisols",225,10,"Rs_annual",2.63985413418598,0.159991159659646,27.05,5,"",2.24083714293264,0.13004858417673,0,294.64,50.7,0.163874142856651,0.00234707957160115
"98",7048,5431,3,NA,112.49,NA,NA,NA,NA,30.24,5,NA,200,0.3,0.02,"Jiang",2007.5,23.17,"Forest","Irrigation","Double precipitation","IRGA","Schima superba; Castanopsis chinensis; Craibiodendron scleranthum","Oxisols",225,10,"Rs_annual",2.97016621303808,0.17000951388632,27.45,5,"",2.85918135454377,0.199942752054541,0,294.64,50.7,0.0380825710472094,0.00272217478460539
"99",7048,5432,3,NA,112.49,NA,NA,NA,NA,18.82,5,NA,200,0.29,0.02,"Jiang",2007.5,23.17,"Forest","Irrigation","Double precipitation","IRGA","Castanopsis chinensis; Cryptocarya concinna; Schima superba; and Machilus chinensis","Oxisols",225,10,"Rs_annual",2.94902623999154,0.169943885024972,16.02,5,"",2.89089131411357,0.200061682636155,0,294.64,50.7,0.0199101599593297,0.00270336649733382
"100",7046,5647,6,NA,110.38,NA,NA,NA,NA,11,6,"SM estimated from Figure 4",112.5,0.11,0.005,"Jia",2011,38.82,"Grassland","Irrigation","50 mm/yr","IRGA","Stipa bungeana","Loessial (Regosols)",1178,10,"Rs_growingseason",1.5,0.1,10,6,"",1.25,0.1,0,127.12,23.08,0.182321556793955,0.00180740740740741
"101",7046,5648,6,NA,110.38,NA,NA,NA,NA,10,6,"SM estimated from Figure 4",112.5,0.1,0.005,"Jia",2011,38.82,"Grassland","Irrigation","50 mm/yr","IRGA","Medicago sativa","Loessial (Regosols)",1178,10,"Rs_growingseason",1.9,0.05,9,6,"",1.4,0.01,0,127.12,23.08,0.305381649551182,0.000123923530631089
"102",7115,5686,3,NA,87.93,NA,NA,NA,NA,27,30,NA,150,0.27,NA,"Lai",2010.5,40.3,"Shrubland","Irrigation","50%","IRGA","Reaumuria soongorica","Clay loam",NA,14,"Rs_growingseason",0.5,0.08660254038,22,30,"",0.47,0.01732050808,0,241.313725490196,19.9607843137255,0.0618754037180875,0.0104526935270673
"103",7115,5689,3,NA,87.93,NA,NA,NA,NA,31,30,NA,200,0.31,NA,"Lai",2010.5,40.3,"Shrubland","Irrigation","100%","IRGA","Reaumuria soongorica","Clay loam",NA,14,"Rs_growingseason",0.66,0.1732050808,22,30,"",0.47,0.01732050808,0,241.313725490196,19.9607843137255,0.339507140316367,0.0234095346767956
"104",8694,5896,1,NA,-51.45,NA,NA,NA,NA,NA,NA,NA,50,NA,NA,"da Costa",2010.5,-1.72,"Forest","Drought","","IRGA","Mixed","Vetic Acrisols",NA,30,"Rs_annual",4.05358983167296,0.42015696429987,NA,NA,"",4.22535211267606,0.446581930608038,0,392.979591836735,41.1224489795918,-0.0414997309067526,0.0219140436344247
"105",8694,5896,1,NA,-51.45,NA,NA,NA,NA,NA,NA,NA,50,NA,NA,"da Costa",2010.5,-1.72,"Forest","Drought","","IRGA","Mixed","Vetic Acrisols",NA,30,"Rh_annual",2.04264989562138,0.158549797849008,NA,NA,"",1.60135295827498,0.124197341648389,0,392.979591836735,41.1224489795918,0.243399062518108,0.0120400176657921
"106",9324,5941,5,NA,101.27,NA,NA,NA,NA,24.35,NA,"SM from Table S1",50,0.2435,0.073,"Zhang",2012.5,21.92,"Forest","Drought","","IRGA","Barringtonia macrostachya; Haomalium laoticum; Horsfieldia tetratepala; Myeristica yunnanensis; Pometia tomentosa; Terminalia myriocarpa","Oxisol",568,30,"Rs_annual",2.25933461934836,0.921970629442697,29.18,NA,"",1.83125016515604,0.791634185978913,0,379.8,60.12,0.210071469746857,0.0706797274621362
"107",10104,6047,3,NA,144.08,26.7,NA,NA,NA,40,6,"SM estimated based on results text and Figure 1",60,NA,NA,"Hinko-Najera",2011.5,-37.42236111,"Forest","Drought","-40%","IRGA","Eucalyptus obliqua; Eucalyptus rubida; Eucalyptus radiata","Acidic-mottled, Dystrophic, Yellow Dermosol",706,30,"Rs_annual",3.78934016859129,0.06,42,6,"",4.67986153317655,0.08,0,226.117647058824,96.3529411764706,-0.211076616623268,0.000180978274352307
"108",10104,6047,3,NA,144.08,26.7,NA,NA,NA,40,6,"SM estimated based on results text and Figure 1",60,NA,NA,"Hinko-Najera",2011.5,-37.42236111,"Forest","Drought","-40%","IRGA","Eucalyptus obliqua; Eucalyptus rubida; Eucalyptus radiata","Acidic-mottled, Dystrophic, Yellow Dermosol",706,30,"Rh_annual",2.30425706207225,0.100185089659911,42,6,"",2.18534471368549,0.0993338506196654,0,226.117647058824,96.3529411764706,0.0529847288852882,0.0013188249569316
"109",10404,6103,20,NA,-123.63,31,10,3.42,10,NA,30,NA,120,NA,NA,"Reynolds",2011,42.27805556,"Grassland","Irrigation","","IRGA","Bromus hordeaceus; Trifollium subterraneum; Erodium cicutarium","Loam (Ultic Haploxerolls)",394,30,"Rs_annual",2.55529424199984,0.125209417857992,NA,30,"",2.58700420156964,0.186264302513014,0,303.872340425532,68.0425531914894,-0.0123331470772161,0.00037925
"110",10404,6104,20,NA,-124.1,14.5,10,4.18,10,NA,30,NA,120,NA,NA,"Reynolds",2011,44.02611111,"Grassland","Irrigation","","IRGA","Agrostis capillaris; Briza minor; Koeleria macrantha; Prunella vulgaris; Achillea millefolium; Trifollium subterraneum","Clay loam (Vertic Haploxerolls)",165,30,"Rs_annual",2.89881880400602,0.333364162460693,NA,30,"",2.74555399941865,0.395359775916286,0,163.97619047619,88.0952380952381,0.0543204691760029,0.00169805
"111",10404,6105,20,NA,-122.75,3.5,10,3.78,10,NA,30,NA,120,NA,NA,"Reynolds",2011,46.89638889,"Grassland","Irrigation","","IRGA","Leucanthemum vulgare; Prunella vulgaris; Eriophyllum lanatum; Agrostis capillaris","Sandy loam (Typic Melanoxerands)",134,30,"Rs_annual",2.26726210924081,0.19498454139471,NA,30,"",2.11928229791507,0.0868905742145179,0,292,70.468085106383,0.0674954916214479,0.00045385
"112",10066,6195,3,NA,-3.6,NA,NA,NA,NA,NA,10,NA,79,NA,NA,"Domínguez",2000.5,53.05527778,"Shrubland","Drought","-21% rain","IRGA","Calluna vulgaris; Vaccinium myrtillus; Empetrum nigrum; Deschampsia flexuosa","Ferric stagnopodzols",490,14,"Rs_annual",2.0423856459583,0.251731613297043,NA,10,"",2.38987395291071,0.0457693842454351,0,242.392156862745,94.2156862745098,-0.157122066290989,0.00518608433681512
"113",10066,6198,3,NA,-3.6,NA,NA,NA,NA,NA,10,NA,79,NA,NA,"Domínguez",2001.5,53.05527778,"Shrubland","Drought","-21% rain","IRGA","Calluna vulgaris; Vaccinium myrtillus; Empetrum nigrum; Deschampsia flexuosa","Ferric stagnopodzols",490,14,"Rs_annual",2.21943292022303,0.0549232610786671,NA,10,"",1.79848320693391,0.0320385689559496,1,242.392156862745,94.2156862745098,0.210308075064776,0.000309912333606478
"114",10066,6201,3,NA,-3.6,NA,NA,NA,NA,NA,10,NA,79,NA,NA,"Domínguez",2002.5,53.05527778,"Shrubland","Drought","-21% rain","IRGA","Calluna vulgaris; Vaccinium myrtillus; Empetrum nigrum; Deschampsia flexuosa","Ferric stagnopodzols",490,14,"Rs_annual",1.6327986681817,0.018307753692889,NA,10,"",1.42589118198874,0.0411924458156066,2,242.392156862745,94.2156862745098,0.135498507733333,0.000320096470637357
"115",10066,6204,3,NA,-3.6,NA,NA,NA,NA,NA,10,NA,79,NA,NA,"Domínguez",2003.5,53.05527778,"Shrubland","Drought","-21% rain","IRGA","Calluna vulgaris; Vaccinium myrtillus; Empetrum nigrum; Deschampsia flexuosa","Ferric stagnopodzols",490,14,"Rs_annual",1.75223951589462,0.018307753692889,NA,10,"",1.49776709034696,0.0915387684644452,3,242.392156862745,94.2156862745098,0.156919300558297,0.00128147706076301
"116",10066,6207,3,NA,-3.6,NA,NA,NA,NA,NA,10,NA,79,NA,NA,"Domínguez",2004.5,53.05527778,"Shrubland","Drought","-21% rain","IRGA","Calluna vulgaris; Vaccinium myrtillus; Empetrum nigrum; Deschampsia flexuosa","Ferric stagnopodzols",490,14,"Rs_annual",1.57968448590228,0.0411924458156066,NA,10,"",1.09927859841979,0.00915387684644452,4,242.392156862745,94.2156862745098,0.362570989588574,0.000249773024949192
"117",10066,6210,3,NA,-3.6,NA,NA,NA,NA,NA,10,NA,79,NA,NA,"Domínguez",2005.5,53.05527778,"Shrubland","Drought","-21% rain","IRGA","Calluna vulgaris; Vaccinium myrtillus; Empetrum nigrum; Deschampsia flexuosa","Ferric stagnopodzols",490,14,"Rs_annual",1.48032661258357,0.027461630552546,NA,10,"",1.21290595354491,0.018307753692889,5,242.392156862745,94.2156862745098,0.199243652765463,0.000190658165283171
"118",10066,6213,3,NA,-3.6,NA,NA,NA,NA,NA,10,NA,79,NA,NA,"Domínguez",2006.5,53.05527778,"Shrubland","Drought","-21% rain","IRGA","Calluna vulgaris; Vaccinium myrtillus; Empetrum nigrum; Deschampsia flexuosa","Ferric stagnopodzols",490,14,"Rs_annual",1.48983960045451,0.013730815270988,NA,10,"",1.46764262875565,0.013730815270988,6,242.392156862745,94.2156862745098,0.0150110038073129,5.74897587536214e-05
"119",10066,6216,3,NA,-3.6,NA,NA,NA,NA,NA,10,NA,79,NA,NA,"Domínguez",2007.5,53.05527778,"Shrubland","Drought","-21% rain","IRGA","Calluna vulgaris; Vaccinium myrtillus; Empetrum nigrum; Deschampsia flexuosa","Ferric stagnopodzols",490,14,"Rs_annual",1.59051872208863,0.00457693842454351,NA,10,"",1.33868879317179,0.027461630552546,7,242.392156862745,94.2156862745098,0.17236958098615,0.000143032636940093
"120",10066,6219,3,NA,-3.6,NA,NA,NA,NA,NA,10,NA,79,NA,NA,"Domínguez",2008.5,53.05527778,"Shrubland","Drought","-21% rain","IRGA","Calluna vulgaris; Vaccinium myrtillus; Empetrum nigrum; Deschampsia flexuosa","Ferric stagnopodzols",490,14,"Rs_annual",1.04087942287874,0.018307753692889,NA,10,"",0.937822054276881,0.0228846921174325,8,242.392156862745,94.2156862745098,0.104261010324409,0.000301606360417484
"121",10066,6222,3,NA,-3.6,NA,NA,NA,NA,NA,10,NA,79,NA,NA,"Domínguez",2009.5,53.05527778,"Shrubland","Drought","-21% rain","IRGA","Calluna vulgaris; Vaccinium myrtillus; Empetrum nigrum; Deschampsia flexuosa","Ferric stagnopodzols",490,14,"Rs_annual",1.18463123959517,0.00457693842454351,NA,10,"",1.04669291546653,0.0228846921174325,9,242.392156862745,94.2156862745098,0.123795946533523,0.000164317817477423
"122",10066,6225,3,NA,-3.6,NA,NA,NA,NA,NA,10,NA,79,NA,NA,"Domínguez",2010.5,53.05527778,"Shrubland","Drought","-21% rain","IRGA","Calluna vulgaris; Vaccinium myrtillus; Empetrum nigrum; Deschampsia flexuosa","Ferric stagnopodzols",490,14,"Rs_annual",0.913246835610285,0.00457693842454351,NA,10,"",0.707132098406575,0.00915387684644452,10,242.392156862745,94.2156862745098,0.255788708675827,6.42307569993885e-05
"123",10066,6228,3,NA,-3.6,NA,NA,NA,NA,NA,10,NA,79,NA,NA,"Domínguez",2011.5,53.05527778,"Shrubland","Drought","-21% rain","IRGA","Calluna vulgaris; Vaccinium myrtillus; Empetrum nigrum; Deschampsia flexuosa","Ferric stagnopodzols",490,14,"Rs_annual",1.12966730967418,0.018307753692889,NA,10,"",0.738049308987131,0.00915387684644452,11,242.392156862745,94.2156862745098,0.425667815425684,0.000138824775485974
"124",10066,6231,3,NA,-3.6,NA,NA,NA,NA,NA,10,NA,79,NA,NA,"Domínguez",2012.5,53.05527778,"Shrubland","Drought","-21% rain","IRGA","Calluna vulgaris; Vaccinium myrtillus; Empetrum nigrum; Deschampsia flexuosa","Ferric stagnopodzols",490,14,"Rs_annual",1.3629997621753,0.0457693842454351,NA,10,"",0.906640594033243,0.0686540763417277,12,242.392156862745,94.2156862745098,0.40769714358284,0.00228722349558933
"125",7436,6452,1,NA,-51.55,NA,NA,NA,NA,9.5,30,NA,30,0.1,0.03,"Silva Júnior",2005.5,-1.717638889,"Forest","Drought","70% total rainfall drained from plot","IRGA","Mixed","",NA,30,"Rs_annual",3.21002563221732,0.840049678936659,15.6,30,"",3.46000581349259,0.439975689030996,0,371.38,39.94,-0.0749913470439179,0.0846543673782658
"126",7593,6475,24,"seasonal",120.7,NA,NA,NA,NA,6.5,10,NA,110,0.06,0.01469693846,"Wang",2010.5,42.91666667,"Grassland","Irrigation","Winter","IRGA","Setaria viridis; Pennisetum centrasiaticum; Chloris virgate; Lespedeza davurica; Artemesia scoparia; Corispermum macrocarpum; Chenopodium acuminatum","Sandy",360,15,"Rs_growingseason",2.9,0.4898979486,6.3,10,"Q01",2.8,0.4898979486,0,179.612244897959,26.6530612244898,0.0350913198112702,0.00246457084661069
"127",7593,6476,24,"seasonal",120.7,NA,NA,NA,NA,7.9,10,NA,110,0.08,0.01469693846,"Wang",2010.5,42.91666667,"Grassland","Irrigation","Summer","IRGA","Setaria viridis; Pennisetum centrasiaticum; Chloris virgate; Lespedeza davurica; Artemesia scoparia; Corispermum macrocarpum; Chenopodium acuminatum","Sandy",360,15,"Rs_growingseason",3.4,0.4898979486,6.3,10,"Q01",2.8,0.4898979486,0,179.612244897959,26.6530612244898,0.194156014440958,0.00214056210757477
"128",7593,6478,24,"seasonal",120.7,NA,NA,NA,NA,5.5,10,NA,110,0.05,0.009797958971,"Wang",2011.5,42.91666667,"Grassland","Irrigation","Winter","IRGA","Setaria viridis; Pennisetum centrasiaticum; Chloris virgate; Lespedeza davurica; Artemesia scoparia; Corispermum macrocarpum; Chenopodium acuminatum","Sandy",360,15,"Rs_growingseason",2.5,0.4898979486,5.1,10,"Q01",2.2,0.4898979486,1,179.612244897959,26.6530612244898,0.127833371509885,0.00366611570312837
"129",7593,6479,24,"seasonal",120.7,NA,NA,NA,NA,6.4,10,NA,110,0.06,0.009797958971,"Wang",2011.5,42.91666667,"Grassland","Irrigation","Summer","IRGA","Setaria viridis; Pennisetum centrasiaticum; Chloris virgate; Lespedeza davurica; Artemesia scoparia; Corispermum macrocarpum; Chenopodium acuminatum","Sandy",360,15,"Rs_growingseason",2.8,0.4898979486,5.1,10,"Q01",2.2,0.4898979486,1,179.612244897959,26.6530612244898,0.241162056816888,0.00334162590715255
"130",10483,6830,4,NA,116.8,16.95,NA,NA,NA,11.5,10,"SM estimated from Figure 2",130,0.12,NA,"Han",2005.5,42.18,"Grassland","Irrigation","30%","IRGA","Artemisia frigida, Leymus chinensis, Stipa krylovii","Haplic calcisols",1324,14,"Rs_annual",2.24876463282509,0.0700261607166451,9,10,"Q01",2.20119969347039,0.0800412229474407,0,150.686274509804,29.0196078431373,0.0213784864065315,0.000572981008596307
"131",10483,6834,4,NA,116.8,16.95,NA,NA,NA,14,10,"SM estimated from Figure 2",130,0.14,NA,"Han",2006.5,42.18,"Grassland","Irrigation","30%","IRGA","Artemisia frigida, Leymus chinensis, Stipa krylovii","Haplic calcisols",1324,14,"Rs_annual",2.75083899268028,0.0900298602119282,12,10,"Q01",2.39938694078165,0.110033559707211,1,150.686274509804,29.0196078431373,0.136692690013675,0.000793545562696733
"132",10483,6838,4,NA,116.8,16.95,NA,NA,NA,11.5,10,"SM estimated from Figure 2",130,0.11,NA,"Han",2007.5,42.18,"Grassland","Irrigation","30%","IRGA","Artemisia frigida, Leymus chinensis, Stipa krylovii","Haplic calcisols",1324,14,"Rs_annual",2.15099225748487,0.0750204793488888,11,10,"Q01",1.55114552228946,0.100018497476416,2,150.686274509804,29.0196078431373,0.326935546174444,0.00134353467753145
"133",10483,6842,4,NA,116.8,16.95,NA,NA,NA,13.5,10,"SM estimated from Figure 2",130,0.14,NA,"Han",2008.5,42.18,"Grassland","Irrigation","30%","IRGA","Artemisia frigida, Leymus chinensis, Stipa krylovii","Haplic calcisols",1324,14,"Rs_annual",2.8010464286658,0.150040958697778,11.5,10,"Q01",2.29897206881061,0.0990143487567053,3,150.686274509804,29.0196078431373,0.197530975457483,0.00118106404736093
"134",10483,6846,4,NA,116.8,16.95,NA,NA,NA,9.5,10,"SM estimated from Figure 2",130,0.09,NA,"Han",2009.5,42.18,"Grassland","Irrigation","30%","IRGA","Artemisia frigida, Leymus chinensis, Stipa krylovii","Haplic calcisols",1324,14,"Rs_annual",2.20119969347039,0.125042940570251,7.5,10,"Q01",1.57492799196681,0.0400073989905663,4,150.686274509804,29.0196078431373,0.334792975101493,0.000968075031429837
"135",10483,6850,4,NA,116.8,16.95,NA,NA,NA,8.5,10,"SM estimated from Figure 2",130,0.07,NA,"Han",2010.5,42.18,"Grassland","Irrigation","30%","IRGA","Artemisia frigida, Leymus chinensis, Stipa krylovii","Haplic calcisols",1324,14,"Rs_annual",2.60021668472373,0.0890257114922178,8,10,"Q01",1.59871046164416,0.0100150622307957,5,150.686274509804,29.0196078431373,0.486397439021412,0.000302867694291045
"136",10483,6854,4,NA,116.8,16.95,NA,NA,NA,12.5,10,"SM estimated from Figure 2",130,0.13,NA,"Han",2011.5,42.18,"Grassland","Irrigation","30%","IRGA","Artemisia frigida, Leymus chinensis, Stipa krylovii","Haplic calcisols",1324,10,"Rs_annual",2.70063155669476,0.095024178844172,11,10,"Q01",1.89995507755728,0.0850355415796845,6,150.686274509804,29.0196078431373,0.351655413042603,0.000810300519349072
"137",10483,6858,4,NA,116.8,16.95,NA,NA,NA,13,10,"SM estimated from Figure 2",130,0.08,NA,"Han",2012.5,42.18,"Grassland","Irrigation","30%","IRGA","Artemisia frigida, Leymus chinensis, Stipa krylovii","Haplic calcisols",1324,10,"Rs_annual",1.4005232143329,0.0830272441402637,12.5,10,"Q01",1.24990090637634,0.0249980181275269,7,150.686274509804,29.0196078431373,0.113781618054234,0.000978619081523674
"138",10483,6862,4,NA,116.8,16.95,NA,NA,NA,14,10,"SM estimated from Figure 2",130,0.14,NA,"Han",2013.5,42.18,"Grassland","Irrigation","30%","IRGA","Artemisia frigida, Leymus chinensis, Stipa krylovii","Haplic calcisols",1324,10,"Rs_annual",2.99923367597706,0.160056020928573,12.5,10,"Q01",2.34917950479613,0.0860132653330867,8,150.686274509804,29.0196078431373,0.244290694401598,0.00104712227053851
"139",11859,7128,10,"Low Biocrust",-3.53,NA,NA,NA,NA,7,5,NA,63,0.07,NA,"Escolar",2009.5,40,"Grassland","Drought","33%","IRGA","Stipa tenacissima","Gypsiric Leptosol",590,30,"Rs_annual",0.605131728457046,0.133181830193166,14,5,"Q01",0.61834421161113,0.0990936236556298,0,294.745098039216,29.6470588235294,-0.0215991118034617,0.00741205526034887
"140",11859,7132,10,"High BioCrust",-3.53,NA,NA,NA,NA,7,5,NA,63,0.07,NA,"Escolar",2009.5,40,"Grassland","Drought","33%","IRGA","Stipa tenacissima","Gypsiric Leptosol",590,30,"Rs_annual",0.377877018206802,0.160135295827498,14,5,"Q01",0.295959622651481,0.139127447612504,0,294.745098039216,29.6470588235294,0.244345758964813,0.0400570224381403
"141",8163,7354,6,NA,110.38,NA,NA,NA,NA,10.51,6,NA,113,NA,NA,"Jia",2011.5,38.81,"Grassland","Irrigation","+50 mm/yr","IRGA","Medicago sativa","Loessial",NA,8.6,"Rs_growingseason",3.87,0.1,9.32,6,"Q01",2.76,0.05,0,128.22,23.04,0.338023827312632,0.00016598037873936
"142",8163,7355,6,NA,110.38,NA,NA,NA,NA,11.07,6,NA,113,NA,NA,"Jia",2011.5,38.81,"Grassland","Irrigation","+50 mm/yr","IRGA","Stipa bungeana","Loessial",NA,8.6,"Rs_growingseason",3.12,0.05,10.53,6,"Q01",2.94,0.1,0,128.22,23.04,0.0594234204708008,0.000235624420909799
"143",8163,7356,6,NA,110.38,NA,NA,NA,NA,11.32,6,NA,113,NA,NA,"Jia",2011.5,38.81,"Grassland","Irrigation","+50 mm/yr","IRGA","Leymus secalinus","Loessial",NA,8.6,"Rs_growingseason",3.55,0.1,10.32,6,"Q01",3.27,0.1,0,128.22,23.04,0.0821576185781623,0.000288115557835259
"144",8163,7357,6,"fallow",110.38,NA,NA,NA,NA,10.68,6,NA,113,NA,NA,"Jia",2011.5,38.81,"Grassland","Irrigation","+50 mm/yr","IRGA","Stipa bungeana","Loessial",NA,8.6,"Rs_growingseason",2.86,0.1,9.79,6,"Q01",2.14,0.05,0,128.22,23.04,0.290015795798001,0.000294742145879479
"145",9557,7413,4,NA,150.81,NA,NA,NA,NA,NA,NA,NA,153.984375,0.078,NA,"Martins",2013.5,-33.611,"Forest","Irrigation","grey water N 0.6 mg/L, total P 3.0 mg/L","Gas chromatography","Eucalyptus saligna","Sandy loam",NA,84,"Rs_annual",0.543931506487329,0.0339957191554581,NA,NA,"Q01",0.424754908437492,0.0283169938958328,0,224.24,43.12,0.247311015188916,0.00208767361111111
"146",9649,7478,3,NA,91.07,NA,NA,NA,NA,15,10,NA,106,0.15,NA,"Shen",2013.5,30.5,"Grassland","Irrigation","Unwarmed plot + 6% precipitation level","IRGA","Kobresia","Sandy loam",NA,14,"Rs_growingseason",1.5,0.01,14,10,"Q01",1.47,0.01,0,168.9,60.72,0.0202027073175195,3.02404862171626e-05
"147",9649,7480,3,NA,91.07,NA,NA,NA,NA,18,10,NA,125,0.18,NA,"Shen",2013.5,30.5,"Grassland","Irrigation","Unwarmed plot + 25% precipitation level","IRGA","Kobresia","Sandy loam",NA,14,"Rs_growingseason",1.63,0.01,14,10,"Q01",1.47,0.01,0,168.9,60.72,0.103317614028026,2.79716209425387e-05
"148",11031,7701,3,NA,1.65,NA,NA,NA,NA,10,20,NA,85,0.1,NA,"Chang",2006,41.73,"Forest","Drought","-15%","IRGA","Quercus ilex","Calcareous",800,NA,"Rs_annual",0.379991015511455,0.279998943001348,12,20,"",0.449990751261792,0.279998943001348,0,291.42,48.18,-0.169079420751567,0.310043782977063
"149",11031,7705,3,NA,1.65,NA,NA,NA,NA,7,20,NA,85,0.07,NA,"Chang",2006,41.73,"Forest","Drought","-15%","IRGA","Quercus cerrioides","Calcareous",800,NA,"Rs_annual",0.300002642496631,0.279998943001348,9,20,"",0.469994450757075,0.279998943001348,0,291.42,48.18,-0.448929604795052,0.408668871531315
"150",11064,7867,4,NA,116.28,NA,NA,2.495,10,NA,20,NA,115,NA,NA,"Xu",2011.5,42.033,"Grassland","Irrigation","plus 15% precipitation","IRGA","Stipa krylovii","Calcis-orthic Aridisol",1324,0.1,"Rs_growingseason",4.84,0.2,NA,NA,NA,NA,NA,0,176.836734693878,24.1020408163265,NA,NA
"151",11064,7868,4,NA,116.28,NA,NA,1.677,10,NA,20,NA,130,NA,NA,"Xu",2011.5,42.033,"Grassland","Irrigation","plus 30% precipitation","IRGA","Stipa krylovii","Calcis-orthic Aridisol",1324,0.1,"Rs_growingseason",5.1,0.4,NA,NA,NA,NA,NA,0,176.836734693878,24.1020408163265,NA,NA
"152",11064,7873,4,NA,116.28,NA,NA,0.967,10,NA,20,NA,115,NA,NA,"Xu",2011.5,42.033,"Grassland","Irrigation","plus 15% precipitation","IRGA","Stipa klemenzii","Chestnut soil",1324,0.1,"Rs_growingseason",0.4,0.06,NA,NA,NA,NA,NA,0,176.836734693878,24.1020408163265,NA,NA
"153",11064,7874,4,NA,116.28,NA,NA,1.093,10,NA,20,NA,130,NA,NA,"Xu",2011.5,42.033,"Grassland","Irrigation","plus 30% precipitation","IRGA","Stipa klemenzii","Chestnut soil",1324,0.1,"Rs_growingseason",0.46,0.01,NA,NA,NA,NA,NA,0,176.836734693878,24.1020408163265,NA,NA
"154",11064,7879,4,NA,116.28,NA,NA,1.36,10,NA,20,NA,115,NA,NA,"Xu",2012.5,42.033,"Grassland","Irrigation","plus 15% precipitation","IRGA","Stipa krylovii","Calcis-orthic Aridisol",1324,0.1,"Rs_growingseason",4.5,0.3,NA,NA,NA,NA,NA,1,176.836734693878,24.1020408163265,NA,NA
"155",11064,7880,4,NA,116.28,NA,NA,1.389,10,NA,20,NA,130,NA,NA,"Xu",2012.5,42.033,"Grassland","Irrigation","plus 30% precipitation","IRGA","Stipa krylovii","Calcis-orthic Aridisol",1324,0.1,"Rs_growingseason",4.7,0.36,NA,NA,NA,NA,NA,1,176.836734693878,24.1020408163265,NA,NA
"156",11064,7885,4,NA,116.28,NA,NA,1.012,10,NA,20,NA,115,NA,NA,"Xu",2012.5,42.033,"Grassland","Irrigation","plus 15% precipitation","IRGA","Stipa klemenzii","Chestnut soil",1324,0.1,"Rs_growingseason",1.48,0.04,NA,NA,NA,NA,NA,1,176.836734693878,24.1020408163265,NA,NA
"157",11064,7886,4,NA,116.28,NA,NA,1.208,10,NA,20,NA,130,NA,NA,"Xu",2012.5,42.033,"Grassland","Irrigation","plus 30% precipitation","IRGA","Stipa klemenzii","Chestnut soil",1324,0.1,"Rs_growingseason",1.49,0.002,NA,NA,NA,NA,NA,1,176.836734693878,24.1020408163265,NA,NA
"158",11078,7892,4,NA,-85.55,NA,NA,NA,NA,NA,5,NA,103,NA,NA,"Waring",2014.5,10.712,"Forest","Irrigation","Single 50 mm simulated rain event, 0 hr","IRGA","","Dry soils",NA,30,"Rs_growingseason",4.4,0.9,NA,5,"Q01",4.5,0.2,0,337.529411764706,50.7647058823529,-0.0224728558520585,0.0109535379042955
"159",11078,7893,4,NA,-85.55,NA,NA,NA,NA,NA,5,NA,106,NA,NA,"Waring",2014.5,10.712,"Forest","Irrigation","two 50 mm simulated rain events, 0 hr","IRGA","","Dry soils",NA,30,"Rs_growingseason",7.1,0.9,NA,5,"Q01",4.5,0.2,0,337.529411764706,50.7647058823529,0.456017387270996,0.00451088726761543
"160",8350,8030,4,NA,-77.9,16,NA,NA,NA,NA,5,NA,123,NA,NA,"McDaniel",2009.5,40.67,"Grassland","Irrigation","23% more Precipitation","IRGA","","Fine-loamy soil",NA,22,"Rs_annual",1.26424966308168,0.244693483074809,NA,NA,NA,NA,NA,0,313.365384615385,53.1346153846154,NA,NA
"161",8401,8060,3,NA,8.51,NA,NA,3.1,10,22,30,NA,67,0.22,NA,"Hagedorn",2007.5,47.2102,"Grassland","Drought","","Gas chromatography","","Cambisola",393,22,"Rs_growingseason",5.35,0.1212435565,32,30,"Q01",5.47,0.692820323,0,242.88,71.38,-0.0221820555259746,0.00551862672119936
"162",8401,8062,3,NA,8.08,NA,NA,5.1,10,20,30,NA,67,0.2,NA,"Hagedorn",2007.5,47.115,"Grassland","Drought","","Gas chromatography","","Endogleyic Cambisola",982,22,"Rs_growingseason",6.3,0.9353074361,21,30,"Q01",8.37,0.9353074361,0,214.595744680851,91.8297872340426,-0.284104251103897,0.0115092696811323
"163",8401,8064,3,NA,9.43,NA,NA,8.6,10,10,30,NA,74,0.1,NA,"Hagedorn",2007.5,46.58,"Grassland","Drought","","Gas chromatography","","Leptosol",1978,22,"Rs_growingseason",5.8,0.01732050808,14,30,"Q01",9.2,0.8660254038,0,160.615384615385,86.0961538461538,-0.461345566502621,0.00295665885209093
"164",8509,8152,3,NA,81.15,NA,NA,1.3,NA,19,10,"SM estimated from Figure 2b",190,NA,NA,"Yan",2007,43.75,"Forest","Irrigation","350 m3 ha−1","IRGA","Populus deltoides","Sierozem",660,30,"Rs_growingseason",4.75,0.45033321,12,10,"",2.69,0.3290896534,0,183.21568627451,34.6274509803922,0.568603424432802,0.00798499710576981
"165",8509,8153,3,NA,81.15,NA,NA,1.3,NA,27,10,"SM estimated from Figure 2b",214,NA,NA,"Yan",2007,43.75,"Forest","Irrigation","700 m3 ha−1","IRGA","Populus deltoides","Sierozem",660,30,"Rs_growingseason",3.47,0.3810511777,12,10,"",2.69,0.3290896534,0,183.21568627451,34.6274509803922,0.25461340034502,0.00900850830632715
"166",8509,8155,3,NA,81.15,NA,NA,1.37,NA,19,10,"SM estimated from Figure 2b",190,NA,NA,"Yan",2007,43.75,"Forest","Irrigation","350 m3 ha−1","IRGA","Populus balsamifera","Sierozem",660,30,"Rs_growingseason",5.13,0.5369357503,12,10,"",3.17,0.3637306696,0,183.21568627451,34.6274509803922,0.481374071293489,0.00804018593937503
"167",8509,8156,3,NA,81.15,NA,NA,1.37,NA,27,10,"SM estimated from Figure 2b",214,NA,NA,"Yan",2007,43.75,"Forest","Irrigation","700 m3 ha−1","IRGA","Populus balsamifera","Sierozem",660,30,"Rs_growingseason",3.68,0.3290896534,12,10,"",3.17,0.3637306696,0,183.21568627451,34.6274509803922,0.14918116429165,0.0070542418346867
"168",8509,8158,3,NA,81.15,NA,NA,1.23,NA,19,10,"SM estimated from Figure 2b",190,NA,NA,"Yan",2007,43.75,"Forest","Irrigation","350 m3 ha−1","IRGA","Populus euramericana","Sierozem",660,30,"Rs_growingseason",4.35,0.467653718,12,10,"",2.9,0.3983716857,0,183.21568627451,34.6274509803922,0.405465108108164,0.0101426872750431
"169",8509,8159,3,NA,81.15,NA,NA,1.23,NA,27,10,"SM estimated from Figure 2b",214,NA,NA,"Yan",2007,43.75,"Forest","Irrigation","700 m3 ha−1","IRGA","Populus euramericana","Sierozem",660,30,"Rs_growingseason",3.32,0.3117691454,12,10,"",2.9,0.3983716857,0,183.21568627451,34.6274509803922,0.135254045935969,0.00922959951433641
"170",11261,8487,2,NA,-96.58,32,NA,NA,NA,17,15,"SM estimated from Figure 1a",34,0.17,0.01,"Hoover",2010,39.08,"Grassland","Drought","","IRGA","Andropogon gerardii, Sorghastrum nutans","Typic Argiustoll",NA,15,"Rs_growingseason",7.9,0.1,29,15,"",10.25,0.25,0,430.775510204082,97.9387755102041,-0.260414946111441,0.000377557364937455
"171",11261,8489,2,NA,-96.58,32,NA,NA,NA,11,15,"SM estimated from Figure 1a",34,0.11,0.005,"Hoover",2011,39.08,"Grassland","Drought","","IRGA","Andropogon gerardii, Sorghastrum nutans","Typic Argiustoll",NA,15,"Rs_growingseason",7.25,0.5,25,15,"",9.75,0.15,1,430.775510204082,97.9387755102041,-0.296265816143172,0.00249646447945177
"172",11261,8491,2,NA,-96.58,32,NA,NA,NA,18,15,"SM estimated from Figure 1a",34,0.18,0.01,"Hoover",2012,39.08,"Grassland","Drought","","IRGA","Andropogon gerardii, Sorghastrum nutans","Typic Argiustoll",NA,15,"Rs_growingseason",8.15,0.1,20,15,"",7.75,0.05,2,430.775510204082,97.9387755102041,0.0503250838875158,9.60873517676806e-05
"173",10526,9107,3,NA,111.86,28.5,50,NA,NA,17.5,5,"Control SM estimated from Figure 2; trt-control difference from text",68,NA,NA,"Lu",2014.5,31.965,"Forest","Drought","32% of annual Precipitation excluded","IRGA","Quercus aliena","Haplic luvisol",1400,30,"Rs_annual",1.49829558967312,0.113627355125122,25,5,"",1.31332082551595,0.0581349258779695,0,344.02,43.18,0.131769277631123,0.0025702686538351
"174",10526,9107,3,NA,111.86,28.5,50,NA,NA,17.5,5,"Control SM estimated from Figure 2; trt-control difference from text",68,NA,NA,"Lu",2014.5,31.965,"Forest","Drought","32% of annual Precipitation excluded","IRGA","Quercus aliena","Haplic luvisol",1400,30,"Rh_annual",1.1019210950506,0.103057368601855,25,5,"",1.02528869275692,0.0422799460930687,0,344.02,43.18,0.072080882175528,0.00348248626295106
"175",10526,9109,3,NA,111.86,28.5,50,NA,NA,18,5,"Control SM estimated from Figure 2; trt-control difference from text",74,NA,NA,"Lu",2015.5,31.965,"Forest","Drought","26% of annual Precipitation excluded","IRGA","Quercus aliena","Haplic luvisol",1400,30,"Rs_annual",1.52207805935047,0.169119784372275,25,5,"",1.59342546838253,0.0554924292471527,1,344.02,43.18,-0.0458095360312941,0.00451950675955032
"176",10526,9109,3,NA,111.86,28.5,50,NA,NA,18,5,"Control SM estimated from Figure 2; trt-control difference from text",74,NA,NA,"Lu",2015.5,31.965,"Forest","Drought","26% of annual Precipitation excluded","IRGA","Quercus aliena","Haplic luvisol",1400,30,"Rh_annual",1.29218085246941,0.13212483154084,25,5,"",1.3371032951933,0.0766324022936871,1,344.02,43.18,-0.0341741798125934,0.00457988409667253
"177",10816,9797,3,"Hummock",-112.52,NA,NA,NA,NA,NA,NA,NA,83,NA,NA,"Munir",2012.5,55.35,"Wetland","Drought","","IRGA","","Sandy clay substrate",NA,1,"Rs_growingseason",9.934,0.476576404,NA,NA,"",7.002,0.1537471483,0,177.404255319149,37.8297872340426,0.349767394152685,0.000927889014534275
"178",10816,9798,3,"Hollow",-112.52,NA,NA,NA,NA,NA,NA,NA,50,NA,NA,"Munir",2012.5,55.35,"Wetland","Drought","","IRGA","","Sandy clay substrate",NA,1,"Rs_growingseason",9.066,0.2285054981,NA,NA,"",5.835,0.1586354769,0,177.404255319149,37.8297872340426,0.440656886780138,0.000458133969997062
"179",10878,9926,3,NA,172.33,NA,NA,3.19,20,35,8,"SM estimated from Figure 1",150,NA,NA,"Moinet",2014,-43.4,"Grassland","Irrigation","","IRGA","Lolium perenne L","Silt loam",35,NA,"Rs_annual",2.50508680601432,0.462436910392939,25,8,"",1.92902254049626,0.436011944084771,0,247.8,85.32,0.261309968112585,0.0283884109172615
"180",13001,2,4,NA,116.43,NA,NA,1.02,10,11.7,10,"SOC and SM data from https://www.publish.csiro.au/rj/RJ16081",120,NA,NA,"Chao",2014,44.22,"Grassland","Irrigation","20% increase","IRGA",NA,NA,NA,15,"Rs_growingseason",4.1,0.8,10.6,10,NA,2.25,0.65,0,158.291666666667,28.1041666666667,0.600056757493933,0.0303823414927916
"181",13004,2,4,NA,87.9,1.7,100,0.221,100,12,5,"Clay data from https://doi.org/10.1016/j.scitotenv.2017.05.202",130,NA,NA,"Yue",2014.5,44.43,"Desert","Irrigation","30% increase","Gas chromatography",NA,NA,437,3,"Rs_annual",0.383368126205639,0.143672541817509,11,5,NA,0.28806120022197,0.11911846312396,0,169.288461538462,25.3653846153846,0.285822734253509,0.077861262742152
"182",13004,2,4,NA,87.9,1.7,100,0.221,100,12,5,"Clay data from https://doi.org/10.1016/j.scitotenv.2017.05.202",130,NA,NA,"Yue",2014.5,44.43,"Desert","Irrigation","30% increase","Gas chromatography",NA,NA,437,3,"Rs_growingseason",0.322454273,NA,11,5,NA,0.1343174109,NA,0,169.288461538462,25.3653846153846,0.875755600062483,NA
"183",13004,4,4,NA,87.9,1.7,100,0.221,100,12,5,"Clay data from https://doi.org/10.1016/j.scitotenv.2017.05.202",130,NA,NA,"Yue",2015.5,44.43,"Desert","Irrigation","30% increase","Gas chromatography",NA,NA,437,3,"Rs_annual",0.383368126205639,0.143672541817509,11,5,NA,0.28806120022197,0.11911846312396,1,169.288461538462,25.3653846153846,0.285822734253509,0.077861262742152
"184",13004,4,4,NA,87.9,1.7,100,0.221,100,12,5,"Clay data from https://doi.org/10.1016/j.scitotenv.2017.05.202",130,NA,NA,"Yue",2015.5,44.43,"Desert","Irrigation","30% increase","Gas chromatography",NA,NA,437,3,"Rs_growingseason",0.4337952942,NA,11,5,NA,0.1719357989,NA,1,169.288461538462,25.3653846153846,0.925451605553308,NA
"185",13007,1,4,NA,103.78,NA,NA,0.75,NA,8,20,"SM crudely estimated from Figure 1",60,NA,NA,"Zhang",2014,36.22,"Desert","Drought","40% decrease","IRGA",NA,"Haplic Calcisol",1780,15,"Rs_annual",0.655003461670586,0.0400002113997305,9,20,NA,0.963338424543509,0.0400002113997305,0,209.8,28.98,-0.385764256803116,0.00136337592181542
"186",13007,2,4,NA,103.78,NA,NA,0.75,NA,8.5,20,"SM crudely estimated from Figure 1",80,NA,NA,"Zhang",2014,36.22,"Desert","Drought","20% decrease","IRGA",NA,"Haplic Calcisol",1780,15,"Rs_annual",0.850004492244272,0.0400002113997305,9,20,NA,0.963338424543509,0.0400002113997305,0,209.8,28.98,-0.125163142954006,0.00098466253996001
"187",13007,4,4,NA,103.78,NA,NA,0.75,NA,9.5,20,"SM crudely estimated from Figure 1",120,NA,NA,"Zhang",2014,36.22,"Desert","Irrigation","20% increase","IRGA",NA,"Haplic Calcisol",1780,15,"Rs_annual",1.09667246254261,0.100000528499326,9,20,NA,0.963338424543509,0.0400002113997305,0,209.8,28.98,0.12963106265294,0.00250972408642772
"188",13007,5,4,NA,103.78,NA,NA,0.75,NA,10,20,"SM crudely estimated from Figure 1",140,NA,NA,"Zhang",2014,36.22,"Desert","Irrigation","40% increase","IRGA",NA,"Haplic Calcisol",1780,15,"Rs_annual",1.34167375736596,0.100000528499326,9,20,NA,0.963338424543509,0.0400002113997305,0,209.8,28.98,0.331268408746186,0.00181986462924674
"189",13008,1,3,NA,112.17,NA,NA,NA,20,NA,NA,NA,50,NA,NA,"Deng",2013.5,23.17,"Forest","Drought","50% decrease","IRGA",NA,NA,NA,15,"Rs_annual",2.25001189123484,0.43299949792564,NA,NA,NA,NA,NA,0,265.5,51.64,NA,NA
"190",13008,1,3,NA,112.17,NA,NA,NA,20,NA,NA,NA,50,NA,NA,"Deng",2013.5,23.17,"Forest","Drought","50% decrease","IRGA",NA,NA,NA,15,"Rh_annual",1.50000792748989,0.43299949792564,NA,NA,NA,NA,NA,0,265.5,51.64,NA,NA
"191",13008,3,3,NA,112.17,NA,NA,NA,25,NA,NA,NA,150,NA,NA,"Deng",2013.5,23.17,"Forest","Irrigation","50% increase","IRGA",NA,NA,NA,15,"Rs_annual",3.05001611922945,0.43299949792564,NA,NA,NA,NA,NA,0,265.5,51.64,NA,NA
"192",13008,3,3,NA,112.17,NA,NA,NA,25,NA,NA,NA,150,NA,NA,"Deng",2013.5,23.17,"Forest","Irrigation","50% increase","IRGA",NA,NA,NA,15,"Rh_annual",1.56000824458949,0.43299949792564,NA,NA,NA,NA,NA,0,265.5,51.64,NA,NA
"193",13009,2,6,NA,116.7,NA,NA,NA,NA,16,40,NA,130,0.151,0.005,"Li",2014,43.63,"Grassland","Irrigation","30% increase","IRGA",NA,"Calcic Chernozems",1200,15,"Rs_annual",2.80001479798113,0.195960215072801,13,40,NA,2.20001162698518,0.195960215072801,0,200.48,28.06,0.241162056816888,0.00213864058035626
"194",13015,2,3,NA,-7.25,53,NA,4.22,NA,35,5,"SM crudely estimated from Figure 1",120,NA,NA,"Zou",2015,52.95,"Forest","Irrigation","20% increase","IRGA",NA,"Low humic surfacewater gley",260,3,"Rs_annual",1.63834791110641,0.158549797849008,30,5,NA,1.87617260787993,0.105699865232672,0,232.730769230769,88.1730769230769,-0.135545491996224,0.00417973931830444
"195",13015,2,3,NA,-7.25,53,NA,4.22,NA,35,5,"SM crudely estimated from Figure 1",120,NA,NA,"Zou",2015,52.95,"Forest","Irrigation","20% increase","IRGA",NA,"Low humic surfacewater gley",260,3,"Rh_annual",0.739899056628703,0.0528499326163359,30,5,NA,0.779536506090955,0.237824696773512,0,232.730769230769,88.1730769230769,-0.0521857531705702,0.0327262476378084
"196",13015,2,3,NA,-7.25,53,NA,4.22,NA,35,5,"SM crudely estimated from Figure 1",120,NA,NA,"Zou",2015,52.95,"Forest","Irrigation","20% increase","IRGA",NA,"Low humic surfacewater gley",260,3,"Rs_growingseason",1.18911735,0.2642483,30,5,NA,1.3212415,0.13212415,0,232.730769230769,88.1730769230769,-0.105360515657826,0.0197942386831276
"197",13018,2,3,NA,91.07,NA,NA,1.983,30,NA,NA,"SOC from https://www.nature.com/articles/s41598-017-16645-2",115,NA,NA,"Yu",2014.5,30.52,"Grassland","Irrigation","15% increase","IRGA",NA,NA,NA,0.1,"Rs_growingseason",1.85,NA,NA,NA,NA,1.95,NA,0,165.961538461538,82.7307692307692,-0.0526437334854219,NA
"198",13018,3,3,NA,91.07,NA,NA,1.983,30,NA,NA,"SOC from https://www.nature.com/articles/s41598-017-16645-2",130,NA,NA,"Yu",2014.5,30.52,"Grassland","Irrigation","30% increase","IRGA",NA,NA,NA,0.1,"Rs_growingseason",1.9,NA,NA,NA,NA,1.95,NA,0,165.961538461538,82.7307692307692,-0.0259754864032607,NA
"199",13018,5,3,NA,91.07,NA,NA,1.983,30,NA,NA,"SOC from https://www.nature.com/articles/s41598-017-16645-2",115,NA,NA,"Yu",2015.5,30.52,"Grassland","Irrigation","15% increase","IRGA",NA,NA,NA,0.1,"Rs_growingseason",1.25,NA,NA,NA,NA,1.5,NA,1,165.961538461538,82.7307692307692,-0.182321556793955,NA
"200",13018,6,3,NA,91.07,NA,NA,1.983,30,NA,NA,"SOC from https://www.nature.com/articles/s41598-017-16645-2",130,NA,NA,"Yu",2015.5,30.52,"Grassland","Irrigation","30% increase","IRGA",NA,NA,NA,0.1,"Rs_growingseason",1.5,NA,NA,NA,NA,1.5,NA,1,165.961538461538,82.7307692307692,0,NA
"201",13018,8,3,NA,91.07,NA,NA,1.983,30,NA,NA,"SOC from https://www.nature.com/articles/s41598-017-16645-2",115,NA,NA,"Yu",2016.5,30.52,"Grassland","Irrigation","15% increase","IRGA",NA,NA,NA,0.1,"Rs_growingseason",3.99,NA,NA,NA,NA,3.75,NA,2,165.961538461538,82.7307692307692,0.0620353909194527,NA
"202",13018,9,3,NA,91.07,NA,NA,1.983,30,NA,NA,"SOC from https://www.nature.com/articles/s41598-017-16645-2",130,NA,NA,"Yu",2016.5,30.52,"Grassland","Irrigation","30% increase","IRGA",NA,NA,NA,0.1,"Rs_growingseason",3.95,NA,NA,NA,NA,3.75,NA,2,165.961538461538,82.7307692307692,0.0519597389307112,NA
"203",13018,11,3,NA,91.07,NA,NA,1.983,30,NA,NA,"SOC from https://www.nature.com/articles/s41598-017-16645-2",115,NA,NA,"Yu",2017.5,30.52,"Grassland","Irrigation","15% increase","IRGA",NA,NA,NA,0.1,"Rs_growingseason",2.4,NA,NA,NA,NA,2.5,NA,3,165.961538461538,82.7307692307692,-0.0408219945202552,NA
"204",13018,12,3,NA,91.07,NA,NA,1.983,30,NA,NA,"SOC from https://www.nature.com/articles/s41598-017-16645-2",130,NA,NA,"Yu",2017.5,30.52,"Grassland","Irrigation","30% increase","IRGA",NA,NA,NA,0.1,"Rs_growingseason",2.9,NA,NA,NA,NA,2.5,NA,3,165.961538461538,82.7307692307692,0.148420005118273,NA
"205",13022,2,3,NA,-73.73,NA,NA,NA,NA,NA,NA,NA,101.1,NA,NA,"Ni",2017.5,41.78,"Forest","Irrigation",NA,"Gas chromatography",NA,"Lithic Dystrudepts",157,0.1,"Rs_annual",4.4608646248976,0.292351941706524,NA,NA,NA,4.1634736490236,1.00234951483762,0,148.081632653061,51.7755102040816,0.0689928716985132,0.0207516286397059
"206",13022,3,3,NA,-73.73,NA,NA,NA,NA,NA,NA,NA,101.6,NA,NA,"Ni",2017.5,41.78,"Forest","Irrigation","50% increase","Gas chromatography",NA,"Lithic Dystrudepts",157,0.1,"Rs_annual",5.72276687101974,0.250587378669767,NA,NA,NA,4.1634736490236,1.00234951483762,0,148.081632653061,51.7755102040816,0.318102669517972,0.0199590505160725
"207",13022,4,3,NA,-73.73,NA,NA,NA,NA,NA,NA,NA,102.2,NA,NA,"Ni",2017.5,41.78,"Forest","Irrigation","100% increase","Gas chromatography",NA,"Lithic Dystrudepts",157,0.1,"Rs_annual",4.87881950955263,0.180979773485189,NA,NA,NA,4.1634736490236,1.00234951483762,0,148.081632653061,51.7755102040816,0.158553549192119,0.0197786061597273
"208",13024,1,8,NA,-117.7,NA,NA,NA,NA,5.64,NA,NA,50,0.0564,0.34,"Aronson",2012,33.73,"Grassland","Drought","50% decrease","Gas chromatography",NA,"Myford sandy loam",365,30,"Rs_annual",1.33839040245224,1.21844031921359,7.62,NA,NA,1.59723005575668,1.75505911264963,0,230.020408163265,35.7551020408163,-0.176803214055508,0.254522455656545
"209",13024,3,8,NA,-117.7,NA,NA,NA,NA,9.78,NA,NA,150,0.0978,0.06,"Aronson",2012,33.73,"Grassland","Irrigation","50% increase","Gas chromatography",NA,"Myford sandy loam",365,30,"Rs_annual",1.66036167851386,1.51515894617234,7.62,NA,NA,1.59723005575668,1.75505911264963,0,230.020408163265,35.7551020408163,0.0387645434502445,0.255016962775348
"210",13030,1,4,NA,106.43,NA,NA,NA,NA,12.6,10,NA,66,NA,NA,"Bao",2014,36.27,"Grassland","Drought","66% of precipitation","IRGA",NA,"Haplic Calcisol",1974,7,"Rs_annual",2.45001294823349,0.0400002113997305,NA,NA,NA,NA,NA,0,228.596153846154,35.5384615384615,NA,NA
"211",13030,3,4,NA,106.43,NA,NA,NA,NA,18.2,10,NA,122,NA,NA,"Bao",2014,36.27,"Grassland","Irrigation","22% increase","IRGA",NA,"Haplic Calcisol",1974,7,"Rs_annual",2.55001347673282,0.0400002113997305,NA,NA,NA,NA,NA,0,228.596153846154,35.5384615384615,NA,NA
"212",13033,1,4,NA,117.58,NA,NA,1.42,10,8.8,10,NA,40,0.085,NA,"Zhang",2014,44.37,"Grassland","Drought","60% decrease","IRGA",NA,NA,1148,10,"Rs_annual",1.67400884707872,0.100000528499326,13.5,10,NA,2.7900147451312,0.160000845598922,0,193.96,40.76,-0.510825623765991,0.00171432078781676
"213",13033,1,4,NA,117.58,NA,NA,1.42,10,8.8,10,NA,40,0.085,NA,"Zhang",2014,44.37,"Grassland","Drought","60% decrease","IRGA",NA,NA,1148,10,"Rh_annual",0.681503601722908,0.0500002642496631,13.5,10,NA,1.45000766324023,0.00500002642496631,0,193.96,40.76,-0.755022584278033,0.00134867278978172
"214",13033,2,4,NA,117.58,NA,NA,1.42,10,11.2,10,NA,70,0.11,NA,"Zhang",2014,44.37,"Grassland","Drought","30% decrease","IRGA",NA,NA,1148,10,"Rs_annual",2.25991194355627,0.100000528499326,13.5,10,NA,2.7900147451312,0.160000845598922,0,193.96,40.76,-0.210721031315653,0.00131169881642024
"215",13033,2,4,NA,117.58,NA,NA,1.42,10,11.2,10,NA,70,0.11,NA,"Zhang",2014,44.37,"Grassland","Drought","30% decrease","IRGA",NA,NA,1148,10,"Rh_annual",1.04400551753297,0.0100000528499326,13.5,10,NA,1.45000766324023,0.00500002642496631,0,193.96,40.76,-0.328504066972036,2.59097781888111e-05
"216",13033,4,4,NA,117.58,NA,NA,1.42,10,15.4,10,NA,130,0.151,NA,"Zhang",2014,44.37,"Grassland","Irrigation","30% increase","IRGA",NA,NA,1148,10,"Rs_annual",2.98001574927992,0.100000528499326,13.5,10,NA,2.7900147451312,0.160000845598922,0,193.96,40.76,0.0658817046840389,0.00110370767130361
"217",13033,4,4,NA,117.58,NA,NA,1.42,10,15.4,10,NA,130,0.151,NA,"Zhang",2014,44.37,"Grassland","Irrigation","30% increase","IRGA",NA,NA,1148,10,"Rh_annual",1.65300873609386,0.0500002642496631,13.5,10,NA,1.45000766324023,0.00500002642496631,0,193.96,40.76,0.131028262406404,0.000231708539973335
"218",13033,5,4,NA,117.58,NA,NA,1.42,10,16.7,10,NA,160,0.17,NA,"Zhang",2014,44.37,"Grassland","Irrigation","60% increase","IRGA",NA,NA,1148,10,"Rs_annual",3.15001664772877,0.100000528499326,13.5,10,NA,2.7900147451312,0.160000845598922,0,193.96,40.76,0.121360857004267,0.00107414145370639
"219",13033,5,4,NA,117.58,NA,NA,1.42,10,16.7,10,NA,160,0.17,NA,"Zhang",2014,44.37,"Grassland","Irrigation","60% increase","IRGA",NA,NA,1148,10,"Rh_annual",1.81250957905029,0.0700003699495283,13.5,10,NA,1.45000766324023,0.00500002642496631,0,193.96,40.76,0.22314355131421,0.000375862068965517
"220",13044,2,4,NA,87.9,NA,NA,0.221,NA,9,5,NA,130,NA,NA,"Yue",2015,44.43,"Desert","Irrigation","30% increase","Gas chromatography",NA,NA,437,3,"Rs_annual",0.383368126205639,0.143672541817509,6,5,NA,0.28806120022197,0.11911846312396,0,169.288461538462,25.3653846153846,0.285822734253509,0.077861262742152
"221",13044,2,4,NA,87.9,NA,NA,0.221,NA,9,5,NA,130,NA,NA,"Yue",2015,44.43,"Desert","Irrigation","30% increase","Gas chromatography",NA,NA,437,3,"Rs_growingseason",0.3028655466,NA,6,5,NA,0.228385842,NA,0,169.288461538462,25.3653846153846,0.282252478313587,NA
"222",13072,2,5,NA,116.28,NA,NA,NA,NA,2,10,NA,40,NA,NA,"Yang",2015.5,42.03,"Grassland","Drought","60% decrease","IRGA",NA,NA,1324,10,"Rs_annual",1.25000660624158,0.0500002642496631,5.5,10,NA,2.00001056998652,0.250001321248315,0,172.44,24.54,-0.470003629245736,0.003445
"223",13072,3,5,NA,116.28,NA,NA,NA,NA,6,10,NA,160,NA,NA,"Yang",2015.5,42.03,"Grassland","Irrigation","60% increase","IRGA",NA,NA,1324,10,"Rs_annual",2.20001162698518,0.0956526794387337,5.5,10,NA,2.00001056998652,0.250001321248315,0,172.44,24.54,0.0953101798043247,0.00350307183368472
"224",13072,5,5,NA,116.28,NA,NA,NA,NA,4,10,NA,40,NA,NA,"Yang",2016.5,42.03,"Grassland","Drought","60% decrease","IRGA",NA,NA,1324,10,"Rs_annual",1.30000687049124,0.150000792748989,5,10,NA,2.20001162698518,0.0500002642496631,1,172.44,24.54,-0.526093095896779,0.00276602767861509
"225",13072,6,5,NA,116.28,NA,NA,NA,NA,6.5,10,NA,160,NA,NA,"Yang",2016.5,42.03,"Grassland","Irrigation","60% increase","IRGA",NA,NA,1324,10,"Rs_annual",2.10001109848585,0.150000792748989,5,10,NA,2.20001162698518,0.0500002642496631,1,172.44,24.54,-0.0465200156348928,0.00112371394838927
"226",13072,8,5,NA,116.28,NA,NA,NA,NA,3,10,NA,40,NA,NA,"Yang",2017.5,42.03,"Grassland","Drought","60% decrease","IRGA",NA,NA,1324,10,"Rs_annual",1.30000687049124,0.0500002642496631,7,10,NA,1.75000924873821,0.100000528499326,2,172.44,24.54,-0.297251523467932,0.000948919212655477
"227",13072,9,5,NA,116.28,NA,NA,NA,NA,9,10,NA,160,NA,NA,"Yang",2017.5,42.03,"Grassland","Irrigation","60% increase","IRGA",NA,NA,1324,10,"Rs_annual",2.35001241973416,0.100000528499326,7,10,NA,1.75000924873821,0.100000528499326,2,172.44,24.54,0.294799540220645,0.00101521604567585
"228",13072,11,5,NA,116.28,NA,NA,NA,NA,8,10,NA,40,NA,NA,"Yang",2018.5,42.03,"Grassland","Drought","60% decrease","IRGA",NA,NA,1324,10,"Rs_annual",0.900004756493935,0.100000528499326,9,10,NA,1.25000660624158,0.0500002642496631,3,172.44,24.54,-0.328504066972036,0.00278913580246914
"229",13072,12,5,NA,116.28,NA,NA,NA,NA,11,10,NA,160,NA,NA,"Yang",2018.5,42.03,"Grassland","Irrigation","60% increase","IRGA",NA,NA,1324,10,"Rs_annual",1.55000819173956,0.200001056998652,9,10,NA,1.25000660624158,0.0500002642496631,3,172.44,24.54,0.215111379616945,0.00364986472424558
"230",13079,1,3,NA,111.88,15.9,10,NA,NA,NA,NA,NA,70,NA,NA,"Li",2014.5,41.87,"Desert","Drought","30% decrease","IRGA",NA,NA,1484,10,"Rs_annual",1.00000528499326,0.0100000528499326,NA,NA,NA,1.00000528499326,0.0100000528499326,0,224.254901960784,26.0392156862745,0,6.66666666666667e-05
"231",13079,3,3,NA,111.88,15.9,10,NA,NA,NA,NA,NA,130,NA,NA,"Li",2014.5,41.87,"Desert","Irrigation","30% increase","IRGA",NA,NA,1484,10,"Rs_annual",1.15000607774225,0.150000792748989,NA,NA,NA,1.00000528499326,0.0100000528499326,0,224.254901960784,26.0392156862745,0.139761942375159,0.00570441083805923
"232",13079,4,3,NA,111.88,15.9,10,NA,NA,NA,NA,NA,70,NA,NA,"Li",2015.5,41.87,"Desert","Drought","30% decrease","IRGA",NA,NA,1484,10,"Rs_annual",0.750003963744946,0.0100000528499326,NA,NA,NA,0.990005232143329,0.0100000528499326,1,224.254901960784,26.0392156862745,-0.277631736598279,9.32693942794953e-05
"233",13079,6,3,NA,111.88,15.9,10,NA,NA,NA,NA,NA,130,NA,NA,"Li",2015.5,41.87,"Desert","Irrigation","30% increase","IRGA",NA,NA,1484,10,"Rs_annual",1.70000898448854,0.300001585497979,NA,NA,NA,0.990005232143329,0.0100000528499326,1,224.254901960784,26.0392156862745,0.540678586915672,0.0104146329723905
"234",13079,7,3,NA,111.88,15.9,10,NA,NA,NA,NA,NA,70,NA,NA,"Li",2016.5,41.87,"Desert","Drought","30% decrease","IRGA",NA,NA,1484,10,"Rs_annual",1.08000570779272,0.120000634199191,NA,NA,NA,1.70000898448854,0.300001585497979,2,224.254901960784,26.0392156862745,-0.453667209926042,0.0144958491748188
"235",13079,9,3,NA,111.88,15.9,10,NA,NA,NA,NA,NA,130,NA,NA,"Li",2016.5,41.87,"Desert","Irrigation","30% increase","IRGA",NA,NA,1484,10,"Rs_annual",2.50001321248315,0.500002642496631,NA,NA,NA,1.70000898448854,0.300001585497979,2,224.254901960784,26.0392156862745,0.385662480811985,0.0237139561707036
"236",13079,10,3,NA,111.88,15.9,10,NA,NA,NA,NA,NA,70,NA,NA,"Li",2017.5,41.87,"Desert","Drought","30% decrease","IRGA",NA,NA,1484,10,"Rs_annual",1.20000634199191,0.300001585497979,NA,NA,NA,1.80000951298787,0.0500002642496631,3,224.254901960784,26.0392156862745,-0.405465108108164,0.0210905349794239
"237",13079,12,3,NA,111.88,15.9,10,NA,NA,NA,NA,NA,130,NA,NA,"Li",2017.5,41.87,"Desert","Irrigation","30% increase","IRGA",NA,NA,1484,10,"Rs_annual",3.20001691197844,0.100000528499326,NA,NA,NA,1.80000951298787,0.0500002642496631,3,224.254901960784,26.0392156862745,0.575364144903562,0.000582722479423868
"238",13079,13,3,NA,111.88,15.9,10,NA,NA,NA,NA,NA,70,NA,NA,"Li",2018.5,41.87,"Desert","Drought","30% decrease","IRGA",NA,NA,1484,10,"Rs_annual",0.750003963744946,0.0500002642496631,NA,NA,NA,1.15000607774225,0.0500002642496631,4,224.254901960784,26.0392156862745,-0.42744401482694,0.0021116012042288
"239",13079,15,3,NA,111.88,15.9,10,NA,NA,NA,NA,NA,130,NA,NA,"Li",2018.5,41.87,"Desert","Irrigation","30% increase","IRGA",NA,NA,1484,10,"Rs_annual",2.20001162698518,0.100000528499326,NA,NA,NA,1.15000607774225,0.0500002642496631,4,224.254901960784,26.0392156862745,0.648695417989111,0.0013188249569071
"240",13079,16,3,NA,116.47,12.6,10,NA,NA,NA,NA,NA,70,NA,NA,"Li",2014.5,42.2,"Grassland","Drought","30% decrease","IRGA",NA,NA,1393,10,"Rs_annual",1.15000607774225,0.0500002642496631,NA,NA,NA,1.50000792748989,0.0100000528499326,0,248.2,24.2,-0.265703165733006,0.000644934537562137
"241",13079,18,3,NA,116.47,12.6,10,NA,NA,NA,NA,NA,130,NA,NA,"Li",2014.5,42.2,"Grassland","Irrigation","30% increase","IRGA",NA,NA,1393,10,"Rs_annual",2.05001083423619,0.250001321248315,NA,NA,NA,1.50000792748989,0.0100000528499326,0,248.2,24.2,0.312374685042152,0.00497218146165202
"242",13079,19,3,NA,116.47,12.6,10,NA,NA,NA,NA,NA,70,NA,NA,"Li",2015.5,42.2,"Grassland","Drought","30% decrease","IRGA",NA,NA,1393,10,"Rs_annual",1.18000623629205,0.0300001585497978,NA,NA,NA,1.9000100414872,0.0100000528499326,1,248.2,24.2,-0.476339447694821,0.000224688939270112
"243",13079,21,3,NA,116.47,12.6,10,NA,NA,NA,NA,NA,130,NA,NA,"Li",2015.5,42.2,"Grassland","Irrigation","30% increase","IRGA",NA,NA,1393,10,"Rs_annual",2.50001321248315,0.400002113997305,NA,NA,NA,1.9000100414872,0.0100000528499326,1,248.2,24.2,0.27443684570176,0.00854256694367498
"244",13079,22,3,NA,116.47,12.6,10,NA,NA,NA,NA,NA,70,NA,NA,"Li",2016.5,42.2,"Grassland","Drought","30% decrease","IRGA",NA,NA,1393,10,"Rs_annual",1.8700098829374,0.180000951298787,NA,NA,NA,2.75001453373147,0.150000792748989,2,248.2,24.2,-0.385662480811985,0.00408018530698619
"245",13079,24,3,NA,116.47,12.6,10,NA,NA,NA,NA,NA,130,NA,NA,"Li",2016.5,42.2,"Grassland","Irrigation","30% increase","IRGA",NA,NA,1393,10,"Rs_annual",3.00001585497979,0.100000528499326,NA,NA,NA,2.75001453373147,0.150000792748989,2,248.2,24.2,0.0870113769896297,0.00136210590756045
"246",13079,25,3,NA,116.47,12.6,10,NA,NA,NA,NA,NA,70,NA,NA,"Li",2017.5,42.2,"Grassland","Drought","30% decrease","IRGA",NA,NA,1393,10,"Rs_annual",1.15000607774225,0.350001849747642,NA,NA,NA,2.60001374098248,0.100000528499326,3,248.2,24.2,-0.815749502652277,0.0313689630615616
"247",13079,27,3,NA,116.47,12.6,10,NA,NA,NA,NA,NA,130,NA,NA,"Li",2017.5,42.2,"Grassland","Irrigation","30% increase","IRGA",NA,NA,1393,10,"Rs_annual",3.10001638347911,0.147619827788495,NA,NA,NA,2.60001374098248,0.100000528499326,3,248.2,24.2,0.175890666463664,0.0012489545456965
"248",13079,28,3,NA,116.47,12.6,10,NA,NA,NA,NA,NA,70,NA,NA,"Li",2018.5,42.2,"Grassland","Drought","30% decrease","IRGA",NA,NA,1393,10,"Rs_annual",0.900004756493935,0.100000528499326,NA,NA,NA,2.10001109848585,0.0100000528499326,4,248.2,24.2,-0.847297860387204,0.00412278491643571
"249",13079,30,3,NA,116.47,12.6,10,NA,NA,NA,NA,NA,130,NA,NA,"Li",2018.5,42.2,"Grassland","Irrigation","30% increase","IRGA",NA,NA,1393,10,"Rs_annual",2.7600145865814,0.0400002113997305,NA,NA,NA,2.10001109848585,0.0100000528499326,4,248.2,24.2,0.273293334999682,7.75718815146306e-05
"250",13079,31,3,NA,118.37,16.3,10,NA,NA,NA,NA,NA,70,NA,NA,"Li",2014.5,45.95,"Grassland","Drought","30% decrease","IRGA",NA,NA,992,10,"Rs_annual",1.50000792748989,0.0100000528499326,NA,NA,NA,1.75000924873821,0.0500002642496631,0,176.38,47.18,-0.154150679827258,0.00028692365835223
"251",13079,33,3,NA,118.37,16.3,10,NA,NA,NA,NA,NA,130,NA,NA,"Li",2014.5,45.95,"Grassland","Irrigation","30% increase","IRGA",NA,NA,992,10,"Rs_annual",2.00001056998652,0.250001321248315,NA,NA,NA,1.75000924873821,0.0500002642496631,0,176.38,47.18,0.133531392624523,0.00548044217687075
"252",13079,34,3,NA,118.37,16.3,10,NA,NA,NA,NA,NA,70,NA,NA,"Li",2015.5,45.95,"Grassland","Drought","30% decrease","IRGA",NA,NA,992,10,"Rs_annual",1.60000845598922,0.0500002642496631,NA,NA,NA,2.50001321248315,0.400002113997305,1,176.38,47.18,-0.446287102628419,0.00885885416666667
"253",13079,36,3,NA,118.37,16.3,10,NA,NA,NA,NA,NA,130,NA,NA,"Li",2015.5,45.95,"Grassland","Irrigation","30% increase","IRGA",NA,NA,992,10,"Rs_annual",3.20001691197844,0.550002906746294,NA,NA,NA,2.50001321248315,0.400002113997305,1,176.38,47.18,0.246860077931526,0.0183803385416667
"254",13079,37,3,NA,118.37,16.3,10,NA,NA,NA,NA,NA,70,NA,NA,"Li",2016.5,45.95,"Grassland","Drought","30% decrease","IRGA",NA,NA,992,10,"Rs_annual",2.00001056998652,0.300001585497979,NA,NA,NA,2.90001532648046,0.100000528499326,2,176.38,47.18,-0.371563556432483,0.00789635354736425
"255",13079,39,3,NA,118.37,16.3,10,NA,NA,NA,NA,NA,130,NA,NA,"Li",2016.5,45.95,"Grassland","Irrigation","30% increase","IRGA",NA,NA,992,10,"Rs_annual",3.50001849747642,0.600003170995957,NA,NA,NA,2.90001532648046,0.100000528499326,2,176.38,47.18,0.188052231502939,0.0101922719147112
"256",13079,40,3,NA,118.37,16.3,10,NA,NA,NA,NA,NA,70,NA,NA,"Li",2017.5,45.95,"Grassland","Drought","30% decrease","IRGA",NA,NA,992,10,"Rs_annual",2.10001109848585,0.150000792748989,NA,NA,NA,3.05001611922945,0.0500002642496631,3,176.38,47.18,-0.373204245889943,0.00179026192578617
"257",13079,42,3,NA,118.37,16.3,10,NA,NA,NA,NA,NA,130,NA,NA,"Li",2017.5,45.95,"Grassland","Irrigation","30% increase","IRGA",NA,NA,992,10,"Rs_annual",4.50002378246968,0.200001056998652,NA,NA,NA,3.05001611922945,0.0500002642496631,3,176.38,47.18,0.388935806156954,0.000748017867669097
"258",13079,43,3,NA,118.37,16.3,10,NA,NA,NA,NA,NA,70,NA,NA,"Li",2018.5,45.95,"Grassland","Drought","30% decrease","IRGA",NA,NA,992,10,"Rs_annual",1.55000819173956,0.100000528499326,NA,NA,NA,3.00001585497979,0.150000792748989,4,176.38,47.18,-0.660357357736954,0.00222077696843566
"259",13079,45,3,NA,118.37,16.3,10,NA,NA,NA,NA,NA,130,NA,NA,"Li",2018.5,45.95,"Grassland","Irrigation","30% increase","IRGA",NA,NA,992,10,"Rs_annual",3.75001981872473,0.65000343524562,NA,NA,NA,3.00001585497979,0.150000792748989,4,176.38,47.18,0.22314355131421,0.0108481481481481
"260",13094,2,3,NA,120.18,NA,NA,0.378,NA,25,10,NA,0,NA,NA,"Ge",2013.5,30.08,"Forest","Drought","Throughfall exclusion",NA,NA,"Haplic Luvisol",NA,30,"Rs_annual",1.89000998863726,NA,NA,NA,NA,NA,NA,0,322.238095238095,45.7142857142857,NA,NA
"261",13096,2,3,NA,54.72,NA,NA,NA,NA,9.39,20,NA,70,NA,NA,"Diaz-Guerra",2012.5,42.04,"Shrubland","Drought","70% of original precipitation","IRGA",NA,"Typic Haploxerept",250,30,"Rs_annual",1.50000792748989,0.259808994212932,11.62,20,NA,1.95001030573686,0.173205996141955,0,326.387755102041,39.6326530612245,-0.262364264467491,0.0126298487833132
"262",13189,2,4,NA,116.75,NA,NA,NA,NA,NA,10,NA,0,NA,NA,"Zhou",2015.5,44.3,"Grassland","Drought","0% of original precipitation","IRGA",NA,NA,1079,7,"Rs_annual",3.06001617207938,0.0850004492244272,NA,10,NA,4.58335755621912,0.133334034669556,0,198.156862745098,44.7450980392157,-0.404011619480181,0.000404471471935349
"263",13189,2,4,NA,116.75,NA,NA,NA,NA,NA,10,NA,0,NA,NA,"Zhou",2015.5,44.3,"Grassland","Drought","0% of original precipitation","IRGA",NA,NA,1079,7,"Rh_annual",2.40001268398383,0.0666670183389266,NA,10,NA,3.31668419522765,0.103333846127421,0,198.156862745098,44.7450980392157,-0.323491525148492,0.000435571713868109
"264",13189,4,4,NA,116.75,NA,NA,NA,NA,NA,10,NA,0,NA,NA,"Zhou",2016.5,44.3,"Grassland","Drought","0% of original precipitation","IRGA",NA,NA,1079,7,"Rs_annual",2.35001241973416,0.043333562349708,NA,10,NA,3.01668260972967,0.0833337704198927,1,198.156862745098,44.7450980392157,-0.249737140887657,0.000275781386522554
"265",13189,4,4,NA,116.75,NA,NA,NA,NA,NA,10,NA,0,NA,NA,"Zhou",2016.5,44.3,"Grassland","Drought","0% of original precipitation","IRGA",NA,NA,1079,7,"Rh_annual",1.66667540839785,0.0533336151732157,NA,10,NA,1.91667678963084,0.133334034669556,1,198.156862745098,44.7450980392157,-0.139761978882781,0.00146582983579524
"266",13193,2,3,NA,128.08,NA,NA,0.9403,10,35,5,"SM estimated from Figure 1",70,NA,NA,"Chen",2016.5,42.4,"Forest","Drought","30% reduction","IRGA",NA,NA,NA,15,"Rs_annual",3.50001849747642,NA,NA,NA,NA,NA,NA,0,196.632653061224,75.9183673469388,NA,NA
"267",13193,4,3,NA,128.08,NA,NA,0.9301,10,32,5,"SM estimated from Figure 1",70,NA,NA,"Chen",2017.5,42.4,"Forest","Drought","30% reduction","IRGA",NA,NA,NA,15,"Rs_annual",3.50001849747642,NA,NA,NA,NA,NA,NA,1,196.632653061224,75.9183673469388,NA,NA
"268",13242,1,3,NA,34.2,NA,NA,NA,NA,25,30,NA,50,NA,NA,"Ondier",2012.5,-0.58,"Savanna","Drought","50% reduction","IRGA",NA,"Loam",1300,30,"Rs_annual",6.5000343524562,2.00001056998652,22,30,NA,8.00004227994609,2.00001056998652,0,399.372549019608,54.6666666666667,-0.207639364778244,0.0523915187376726
"269",13242,3,3,NA,34.2,NA,NA,NA,NA,27,30,NA,150,NA,NA,"Ondier",2012.5,-0.58,"Savanna","Irrigation","50% increase","IRGA",NA,"Loam",1300,30,"Rs_annual",10.0000528499326,1.00000528499326,22,30,NA,8.00004227994609,2.00001056998652,0,399.372549019608,54.6666666666667,0.22314355131421,0.0241666666666667
