Study_number,Record_number,N,Percent_control,SM_mean,SM_sd,Author,Study_midyear,Year,Latitude,Ecosystem_type,Manipulation,Manipulation_level,Meas_method,Soil_type,Soil_drainage,Elevation,Quality_flag,Variable,Manip_Resp,Manip_SD,Control_Resp,Control_SD
1268,1464,1,0,0.11,NA,Billings,1996,1,64.69,Forest,Drought,,Gas chromatography,Silt loam (Alfic Cryoquept),Dry,308,,Rs_growingseason,2.44,0.41,3.68,0.46
1268,1465,1,0,0.45,NA,Billings,1996,1,64.72,Forest,Drought,,Gas chromatography,Silt loam (Typic Cryofluvent),Wet,139,,Rs_growingseason,1.67,0.02,2.77,0.09
1268,1468,1,0,0.14,NA,Billings,1997,2,64.69,Forest,Drought,,Gas chromatography,Silt loam (Alfic Cryoquept),Dry,308,,Rs_growingseason,1.98,0.4,2.09,0.23
1268,1469,1,0,0.35,NA,Billings,1997,2,64.72,Forest,Drought,,Gas chromatography,Silt loam (Typic Cryofluvent),Wet,139,,Rs_growingseason,2.2,0.24,3.07,0.47
1421,760,4,86,NA,NA,Borken,1993,1,51.52,Forest,Drought,Roof+ambient water,Gas chromatography,Typic Dystrochrept,Dry,510,,Rs_annual,321,23.3,302,36.6
1421,761,4,55,NA,NA,Borken,1993,1,51.52,Forest,Drought,Roof+drought,Gas chromatography,Typic Dystrochrept,Dry,510,,Rs_annual,298,41.6,302,36.6
1421,764,4,86,NA,NA,Borken,1994,2,51.52,Forest,Drought,Roof+drought,Gas chromatography,Typic Dystrochrept,Dry,510,,Rs_annual,481,75.6,313,15.5
2809,2010,4,121,NA,NA,Vasconcelos,2001,1,-1.32,Forest,Irrigation,5 mm/day,IRGA,Sombriustox,Dry,NA,,Rs_annual,2021,154,1593,74
2809,2012,4,134,NA,NA,Vasconcelos,2002,2,-1.32,Forest,Irrigation,5 mm/day,IRGA,Sombriustox,Dry,NA,,Rs_annual,2237,158,1988,126
4257,1934,3,150,0.21,NA,Chou,2003,1,39.25,Grassland,Irrigation,,IRGA,Clay loam,Dry,345,Q01,Rs_annual,1170,76,1011,42
4257,1936,3,150,0.22,NA,Chou,2004,2,39.25,Grassland,Irrigation,,IRGA,Clay loam,Dry,345,Q01,Rs_annual,1568,6,1480,152
4257,1938,3,150,0.21,NA,Chou,2005,3,39.25,Grassland,Irrigation,,IRGA,Clay loam,Dry,345,Q01,Rs_annual,1012,71,918,73
4257,1940,3,150,0.18,NA,Chou,2006,4,39.25,Grassland,Irrigation,,IRGA,Clay loam,Dry,345,Q01,Rs_annual,950,93,887,26
4412,2917,3,95,NA,NA,Lellei-Kovács,2003,3,46.87,Grassland,Drought,,IRGA,Sandy (Calcaric arenosol),Dry,NA,Q03,Rs_growingseason,0.36,NA,0.38,NA
4412,2920,3,85,NA,NA,Lellei-Kovács,2004,4,46.87,Grassland,Drought,,IRGA,Sandy (Calcaric arenosol),Dry,NA,Q03,Rs_growingseason,0.47,NA,0.51,NA
4412,2923,3,80,NA,NA,Lellei-Kovács,2005,5,46.87,Grassland,Drought,,IRGA,Sandy (Calcaric arenosol),Dry,NA,Q03,Rs_growingseason,0.32,NA,0.45,NA
4412,2926,3,72,NA,NA,Lellei-Kovács,2006,6,46.87,Grassland,Drought,,IRGA,Sandy (Calcaric arenosol),Dry,NA,Q03,Rs_growingseason,0.57,NA,0.73,NA
4849,3737,12,8,0.2,NA,Garten,2005,1,35.57,Grassland,Drought,,IRGA,Fragiudult (silt loam),Dry,NA,,Rs_growingseason,2.8,1.558845727,3.4,1.385640646
4849,3745,12,8,0.2,NA,Garten,2006,2,35.57,Grassland,Drought,,IRGA,Fragiudult (silt loam),Dry,NA,,Rs_growingseason,3,1.732050808,3.5,0.866025404
5308,4152,3,84,NA,NA,De Dato,2002.5,1,40.62,Shrubland,Drought,,IRGA,Lithic Xerorthent and Typic Rhodoxeralfs (Sandy loam),Dry,40,Q01,Rs_annual,1248.8,75.7,1305.6,151.4
5308,4155,3,64,NA,NA,De Dato,2003.5,2,40.62,Shrubland,Drought,,IRGA,Lithic Xerorthent and Typic Rhodoxeralfs (Sandy loam),Dry,40,Q01,Rs_annual,794.7,56.8,832.5,75.7
5308,4158,3,64,0.39,NA,De Dato,2004.5,3,40.62,Shrubland,Drought,,IRGA,Lithic Xerorthent and Typic Rhodoxeralfs (Sandy loam),Dry,40,Q01,Rs_annual,983.9,37.8,1002.8,151.4
5536,4008,5,130,0.13,0.004472136,Yan,2006,1,42.45,Grassland,Irrigation,15 mm H2O/week,IRGA,Aridisols,Dry,NA,,Rs_growingseason,3.15,0.447213596,2.91,0.424852916
5536,4012,5,130,0.11,0.002236068,Yan,2007,2,42.45,Grassland,Irrigation,15 mm H2O/week,IRGA,Aridisols,Dry,NA,,Rs_growingseason,1.48,0.089442719,1.61,0.111803399
5587,3844,3,73,NA,NA,Misson,2004,1,43.74138889,Forest,Drought,,IRGA,Clay,Dry,270,,Rs_annual,677,203.1,758,30.32
5587,3846,3,73,NA,NA,Misson,2005,2,43.74138889,Forest,Drought,,IRGA,Clay,Dry,270,,Rs_annual,710,454.4,800,44
6048,4494,5,130,0.16,0.006708204,Yan,2009,1,42.03333333,Grassland,Irrigation,120 mm,IRGA,Chestnut soil,Dry,1324,,Rs_growingseason,3.16,0.268328157,2.74,0.089442719
6048,4500,5,130,0.13,0.004472136,Yan,2010,2,42.03333333,Grassland,Irrigation,120 mm,IRGA,Chestnut soil,Dry,1324,,Rs_growingseason,1.93,0.111803399,1.36,0.067082039
6066,4511,5,165,NA,NA,Thomey,2007,1,34.33888889,Grassland,Irrigation,+ one 2 mm rainfall/month,Gradient,Typic Haplargids,Dry,NA,Q01,Rs_growingseason,9.877,0.02236068,7.263,0.02236068
6066,4512,5,165,NA,NA,Thomey,2007,1,34.33888889,Grassland,Irrigation,+four 5 mm rainfall/month,Gradient,Typic Haplargids,Dry,NA,Q01,Rs_growingseason,8.425,0.02236068,7.263,0.02236068
6066,4514,5,133,NA,NA,Thomey,2008,2,34.33888889,Grassland,Irrigation,+ one 2 mm rainfall/month,Gradient,Typic Haplargids,Dry,NA,Q01,Rs_growingseason,11.504,0.02236068,7.205,0.02236068
6066,4515,5,133,NA,NA,Thomey,2008,2,34.33888889,Grassland,Irrigation,+four 5 mm rainfall/month,Gradient,Typic Haplargids,Dry,NA,Q01,Rs_growingseason,8.832,0.02236068,7.205,0.02236068
6168,4596,6,70,NA,NA,Fay,1998,1,39.08333333,Grassland,Drought,70% precip,IRGA,Silty clay loam,Dry,NA,Q01,Rs_growingseason,9.7,1.224744871,9.7,1.224744871
6168,4596,6,70,NA,NA,Fay,1998,1,39.08333333,Grassland,Drought,70% precip,IRGA,Silty clay loam,Dry,NA,Q01,Rs_growingseason,9.7,1.224744871,9.7,0.489897949
6168,4596,6,70,NA,NA,Fay,1998,1,39.08333333,Grassland,Drought,70% precip,IRGA,Silty clay loam,Dry,NA,Q01,Rs_growingseason,9.7,1.224744871,8.4,1.224744871
6168,4596,6,70,NA,NA,Fay,1998,1,39.08333333,Grassland,Drought,70% precip,IRGA,Silty clay loam,Dry,NA,Q01,Rs_growingseason,9.7,1.224744871,8.4,0.489897949
6168,4597,6,70,NA,NA,Fay,1999,2,39.08333333,Grassland,Drought,70% precip,IRGA,Silty clay loam,Dry,NA,Q01,Rs_growingseason,7,0.073484692,7.5,0.244948974
6168,4597,6,70,NA,NA,Fay,1999,2,39.08333333,Grassland,Drought,70% precip,IRGA,Silty clay loam,Dry,NA,Q01,Rs_growingseason,7,0.073484692,7.5,0.244948974
6168,4597,6,70,NA,NA,Fay,1999,2,39.08333333,Grassland,Drought,70% precip,IRGA,Silty clay loam,Dry,NA,Q01,Rs_growingseason,7,0.073484692,6.3,0.244948974
6168,4597,6,70,NA,NA,Fay,1999,2,39.08333333,Grassland,Drought,70% precip,IRGA,Silty clay loam,Dry,NA,Q01,Rs_growingseason,7,0.073484692,6.3,0.244948974
6168,4598,6,70,NA,NA,Fay,2000,3,39.08333333,Grassland,Drought,70% precip,IRGA,Silty clay loam,Dry,NA,Q01,Rs_growingseason,7.7,0.489897949,9,1.469693846
6168,4598,6,70,NA,NA,Fay,2000,3,39.08333333,Grassland,Drought,70% precip,IRGA,Silty clay loam,Dry,NA,Q01,Rs_growingseason,7.7,0.489897949,9,0.489897949
6168,4598,6,70,NA,NA,Fay,2000,3,39.08333333,Grassland,Drought,70% precip,IRGA,Silty clay loam,Dry,NA,Q01,Rs_growingseason,7.7,0.489897949,7.2,1.469693846
6168,4598,6,70,NA,NA,Fay,2000,3,39.08333333,Grassland,Drought,70% precip,IRGA,Silty clay loam,Dry,NA,Q01,Rs_growingseason,7.7,0.489897949,7.2,0.489897949
6168,4599,6,70,NA,NA,Fay,2001,4,39.08333333,Grassland,Drought,70% precip,IRGA,Silty clay loam,Dry,NA,Q01,Rs_growingseason,9.3,0.367423461,9.9,0.612372436
6168,4599,6,70,NA,NA,Fay,2001,4,39.08333333,Grassland,Drought,70% precip,IRGA,Silty clay loam,Dry,NA,Q01,Rs_growingseason,9.3,0.367423461,9.9,0.367423461
6168,4599,6,70,NA,NA,Fay,2001,4,39.08333333,Grassland,Drought,70% precip,IRGA,Silty clay loam,Dry,NA,Q01,Rs_growingseason,9.3,0.367423461,9.3,0.612372436
6168,4599,6,70,NA,NA,Fay,2001,4,39.08333333,Grassland,Drought,70% precip,IRGA,Silty clay loam,Dry,NA,Q01,Rs_growingseason,9.3,0.367423461,9.3,0.367423461
6168,4600,6,70,NA,NA,Fay,2003,6,39.08333333,Grassland,Drought,70% precip,IRGA,Silty clay loam,Dry,NA,Q01,Rs_growingseason,7,0.122474487,7.7,0.122474487
6168,4600,6,70,NA,NA,Fay,2003,6,39.08333333,Grassland,Drought,70% precip,IRGA,Silty clay loam,Dry,NA,Q01,Rs_growingseason,7,0.122474487,7.7,0.073484692
6168,4600,6,70,NA,NA,Fay,2003,6,39.08333333,Grassland,Drought,70% precip,IRGA,Silty clay loam,Dry,NA,Q01,Rs_growingseason,7,0.122474487,7.2,0.122474487
6168,4600,6,70,NA,NA,Fay,2003,6,39.08333333,Grassland,Drought,70% precip,IRGA,Silty clay loam,Dry,NA,Q01,Rs_growingseason,7,0.122474487,7.2,0.073484692
6168,4601,6,70,NA,NA,Fay,2004,7,39.08333333,Grassland,Drought,70% precip,IRGA,Silty clay loam,Dry,NA,Q01,Rs_growingseason,9.6,0.122474487,10,0.367423461
6168,4601,6,70,NA,NA,Fay,2004,7,39.08333333,Grassland,Drought,70% precip,IRGA,Silty clay loam,Dry,NA,Q01,Rs_growingseason,9.6,0.122474487,10,0.073484692
6168,4601,6,70,NA,NA,Fay,2004,7,39.08333333,Grassland,Drought,70% precip,IRGA,Silty clay loam,Dry,NA,Q01,Rs_growingseason,9.6,0.122474487,9.1,0.367423461
6168,4601,6,70,NA,NA,Fay,2004,7,39.08333333,Grassland,Drought,70% precip,IRGA,Silty clay loam,Dry,NA,Q01,Rs_growingseason,9.6,0.122474487,9.1,0.073484692
6168,4602,6,70,NA,NA,Fay,2005,8,39.08333333,Grassland,Drought,70% precip,IRGA,Silty clay loam,Dry,NA,Q01,Rs_growingseason,8.2,0.122474487,8.5,0.612372436
6168,4602,6,70,NA,NA,Fay,2005,8,39.08333333,Grassland,Drought,70% precip,IRGA,Silty clay loam,Dry,NA,Q01,Rs_growingseason,8.2,0.122474487,8.5,0.073484692
6168,4602,6,70,NA,NA,Fay,2005,8,39.08333333,Grassland,Drought,70% precip,IRGA,Silty clay loam,Dry,NA,Q01,Rs_growingseason,8.2,0.122474487,8,0.612372436
6168,4602,6,70,NA,NA,Fay,2005,8,39.08333333,Grassland,Drought,70% precip,IRGA,Silty clay loam,Dry,NA,Q01,Rs_growingseason,8.2,0.122474487,8,0.073484692
6168,4603,6,70,NA,NA,Fay,2006,9,39.08333333,Grassland,Drought,70% precip,IRGA,Silty clay loam,Dry,NA,Q01,Rs_growingseason,7.6,0.244948974,8.4,0.612372436
6168,4603,6,70,NA,NA,Fay,2006,9,39.08333333,Grassland,Drought,70% precip,IRGA,Silty clay loam,Dry,NA,Q01,Rs_growingseason,7.6,0.244948974,8.4,0.073484692
6168,4603,6,70,NA,NA,Fay,2006,9,39.08333333,Grassland,Drought,70% precip,IRGA,Silty clay loam,Dry,NA,Q01,Rs_growingseason,7.6,0.244948974,7.4,0.612372436
6168,4603,6,70,NA,NA,Fay,2006,9,39.08333333,Grassland,Drought,70% precip,IRGA,Silty clay loam,Dry,NA,Q01,Rs_growingseason,7.6,0.244948974,7.4,0.073484692
6168,4604,6,70,NA,NA,Fay,2007,10,39.08333333,Grassland,Drought,70% precip,IRGA,Silty clay loam,Dry,NA,Q01,Rs_growingseason,9.1,0.122474487,9,0.367423461
6168,4604,6,70,NA,NA,Fay,2007,10,39.08333333,Grassland,Drought,70% precip,IRGA,Silty clay loam,Dry,NA,Q01,Rs_growingseason,9.1,0.122474487,9,0.244948974
6168,4604,6,70,NA,NA,Fay,2007,10,39.08333333,Grassland,Drought,70% precip,IRGA,Silty clay loam,Dry,NA,Q01,Rs_growingseason,9.1,0.122474487,8.7,0.367423461
6168,4604,6,70,NA,NA,Fay,2007,10,39.08333333,Grassland,Drought,70% precip,IRGA,Silty clay loam,Dry,NA,Q01,Rs_growingseason,9.1,0.122474487,8.7,0.244948974
6168,4616,6,70,NA,NA,Fay,1998,1,39.08333333,Grassland,Drought,"Altered timing, 70% precip",IRGA,Silty clay loam,Dry,NA,Q01,Rs_growingseason,8.3,0.367423461,9.7,1.224744871
6168,4616,6,70,NA,NA,Fay,1998,1,39.08333333,Grassland,Drought,"Altered timing, 70% precip",IRGA,Silty clay loam,Dry,NA,Q01,Rs_growingseason,8.3,0.367423461,9.7,0.489897949
6168,4616,6,70,NA,NA,Fay,1998,1,39.08333333,Grassland,Drought,"Altered timing, 70% precip",IRGA,Silty clay loam,Dry,NA,Q01,Rs_growingseason,8.3,0.367423461,8.4,1.224744871
6168,4616,6,70,NA,NA,Fay,1998,1,39.08333333,Grassland,Drought,"Altered timing, 70% precip",IRGA,Silty clay loam,Dry,NA,Q01,Rs_growingseason,8.3,0.367423461,8.4,0.489897949
6168,4617,6,70,NA,NA,Fay,1999,2,39.08333333,Grassland,Drought,"Altered timing, 70% precip",IRGA,Silty clay loam,Dry,NA,Q01,Rs_growingseason,6.2,0.122474487,7.5,0.244948974
6168,4617,6,70,NA,NA,Fay,1999,2,39.08333333,Grassland,Drought,"Altered timing, 70% precip",IRGA,Silty clay loam,Dry,NA,Q01,Rs_growingseason,6.2,0.122474487,7.5,0.244948974
6168,4617,6,70,NA,NA,Fay,1999,2,39.08333333,Grassland,Drought,"Altered timing, 70% precip",IRGA,Silty clay loam,Dry,NA,Q01,Rs_growingseason,6.2,0.122474487,6.3,0.244948974
6168,4617,6,70,NA,NA,Fay,1999,2,39.08333333,Grassland,Drought,"Altered timing, 70% precip",IRGA,Silty clay loam,Dry,NA,Q01,Rs_growingseason,6.2,0.122474487,6.3,0.244948974
6168,4618,6,70,NA,NA,Fay,2000,3,39.08333333,Grassland,Drought,"Altered timing, 70% precip",IRGA,Silty clay loam,Dry,NA,Q01,Rs_growingseason,7,0.489897949,9,1.469693846
6168,4618,6,70,NA,NA,Fay,2000,3,39.08333333,Grassland,Drought,"Altered timing, 70% precip",IRGA,Silty clay loam,Dry,NA,Q01,Rs_growingseason,7,0.489897949,9,0.489897949
6168,4618,6,70,NA,NA,Fay,2000,3,39.08333333,Grassland,Drought,"Altered timing, 70% precip",IRGA,Silty clay loam,Dry,NA,Q01,Rs_growingseason,7,0.489897949,7.2,1.469693846
6168,4618,6,70,NA,NA,Fay,2000,3,39.08333333,Grassland,Drought,"Altered timing, 70% precip",IRGA,Silty clay loam,Dry,NA,Q01,Rs_growingseason,7,0.489897949,7.2,0.489897949
6168,4619,6,70,NA,NA,Fay,2001,4,39.08333333,Grassland,Drought,"Altered timing, 70% precip",IRGA,Silty clay loam,Dry,NA,Q01,Rs_growingseason,7.9,0.979795897,9.9,0.612372436
6168,4619,6,70,NA,NA,Fay,2001,4,39.08333333,Grassland,Drought,"Altered timing, 70% precip",IRGA,Silty clay loam,Dry,NA,Q01,Rs_growingseason,7.9,0.979795897,9.9,0.367423461
6168,4619,6,70,NA,NA,Fay,2001,4,39.08333333,Grassland,Drought,"Altered timing, 70% precip",IRGA,Silty clay loam,Dry,NA,Q01,Rs_growingseason,7.9,0.979795897,9.3,0.612372436
6168,4619,6,70,NA,NA,Fay,2001,4,39.08333333,Grassland,Drought,"Altered timing, 70% precip",IRGA,Silty clay loam,Dry,NA,Q01,Rs_growingseason,7.9,0.979795897,9.3,0.367423461
6185,4394,3,120,NA,NA,Wu,2004,1,42.88333333,Forest,Irrigation,,IRGA,Sandy loam,Dry,NA,Q01,Rs_growingseason,4.45,0.92,4.52,1.12
6185,4396,3,120,NA,NA,Wu,2005,2,42.88333333,Forest,Irrigation,,IRGA,Sandy loam,Dry,NA,Q01,Rs_growingseason,5.13,1.31,5.93,1.35
6248,4767,3,83.64174685,0.36,NA,Carter,2006.5,5,53.05,Shrubland,Drought,,IRGA,Peaty podzol,Wet,490,,Rs_annual,633,20.78460969,518,55.42562584
6248,4770,3,84.28143713,0.15,NA,Carter,2003.5,4,56.38333333,Shrubland,Drought,,IRGA,Sandy podzol,Dry,57,,Rs_annual,513,31.17691454,732,62.35382907
6248,4776,3,80.32454361,0.17,NA,Carter,1999,1,52.4,Shrubland,Drought,,IRGA,Sandy podzol,Dry,25,,Rs_annual,285,124.7076581,310,83.13843876
6248,4779,3,72.18181818,0.17,NA,Carter,2007.5,6,41.31666667,Shrubland,Drought,,IRGA,Petrocalcic calcisol,Dry,210,,Rs_annual,298,32.90896534,390,51.96152423
6272,4794,3,200,0.21,0.01,Deng,2007,1,23.17,Forest,Irrigation,2x precip,IRGA,,Dry,250,,Rs_annual,961,41.61811024,833,41.65
6272,4795,3,200,0.31,0.01,Deng,2008,2,23.17,Forest,Irrigation,2x precip,IRGA,,Dry,260,,Rs_annual,1230,45.41538462,1150,49.17763158
6272,4796,3,200,0.3,0.01,Deng,2009,3,23.17,Forest,Irrigation,2x precip,IRGA,,Dry,260,,Rs_annual,1166,41.64285714,1158,49.19607843
6502,5090,3,0,0.45,NA,Schindlbacher,2008,1,47.70555556,Forest,Drought,,IRGA,Chromic Cambisols and Rendzic Leptosols,Dry,910,,Rs_growingseason,2.731,0.329269034,3.311,0.787132188
6502,5091,3,0,0.4,NA,Schindlbacher,2009,2,47.70555556,Forest,Drought,,IRGA,Chromic Cambisols and Rendzic Leptosols,Dry,910,,Rs_growingseason,2.802,0.254594432,3.495,0.668193793
6502,5092,3,0,0.4,NA,Schindlbacher,2010,3,47.70555556,Forest,Drought,,IRGA,Chromic Cambisols and Rendzic Leptosols,Dry,910,,Rs_growingseason,2.688,0.415824791,2.924,0.891117284
6505,5059,6,92,NA,NA,Selsted,2006,1,55.88333333,Shrubland,Drought,,IRGA,Sand,Dry,NA,,Rs_annual,609,28,672,28
6505,5066,6,92,NA,NA,Selsted,2007,2,55.88333333,Shrubland,Drought,,IRGA,Sand,Dry,NA,,Rs_annual,777,30,719,30
7593,6475,24,110,0.06,0.014696938,Wang,2010.5,1,42.91666667,Grassland,Irrigation,Winter,IRGA,Sandy,Dry,360,Q01,Rs_growingseason,2.9,0.489897949,3,0.489897949
7593,6475,24,110,0.06,0.014696938,Wang,2010.5,1,42.91666667,Grassland,Irrigation,Winter,IRGA,Sandy,Dry,360,Q01,Rs_growingseason,2.9,0.489897949,3,0.489897949
7593,6475,24,110,0.06,0.014696938,Wang,2010.5,1,42.91666667,Grassland,Irrigation,Winter,IRGA,Sandy,Dry,360,Q01,Rs_growingseason,2.9,0.489897949,2.8,0.489897949
7593,6475,24,110,0.06,0.014696938,Wang,2010.5,1,42.91666667,Grassland,Irrigation,Winter,IRGA,Sandy,Dry,360,Q01,Rs_growingseason,2.9,0.489897949,2.8,0.489897949
7593,6476,24,110,0.08,0.014696938,Wang,2010.5,1,42.91666667,Grassland,Irrigation,Summer,IRGA,Sandy,Dry,360,Q01,Rs_growingseason,3.4,0.489897949,3,0.489897949
7593,6476,24,110,0.08,0.014696938,Wang,2010.5,1,42.91666667,Grassland,Irrigation,Summer,IRGA,Sandy,Dry,360,Q01,Rs_growingseason,3.4,0.489897949,3,0.489897949
7593,6476,24,110,0.08,0.014696938,Wang,2010.5,1,42.91666667,Grassland,Irrigation,Summer,IRGA,Sandy,Dry,360,Q01,Rs_growingseason,3.4,0.489897949,2.8,0.489897949
7593,6476,24,110,0.08,0.014696938,Wang,2010.5,1,42.91666667,Grassland,Irrigation,Summer,IRGA,Sandy,Dry,360,Q01,Rs_growingseason,3.4,0.489897949,2.8,0.489897949
7593,6478,24,110,0.05,0.009797959,Wang,2011.5,2,42.91666667,Grassland,Irrigation,Winter,IRGA,Sandy,Dry,360,Q01,Rs_growingseason,2.5,0.489897949,2.55,0.489897949
7593,6478,24,110,0.05,0.009797959,Wang,2011.5,2,42.91666667,Grassland,Irrigation,Winter,IRGA,Sandy,Dry,360,Q01,Rs_growingseason,2.5,0.489897949,2.55,0.489897949
7593,6478,24,110,0.05,0.009797959,Wang,2011.5,2,42.91666667,Grassland,Irrigation,Winter,IRGA,Sandy,Dry,360,Q01,Rs_growingseason,2.5,0.489897949,2.2,0.489897949
7593,6478,24,110,0.05,0.009797959,Wang,2011.5,2,42.91666667,Grassland,Irrigation,Winter,IRGA,Sandy,Dry,360,Q01,Rs_growingseason,2.5,0.489897949,2.2,0.489897949
7593,6479,24,110,0.06,0.009797959,Wang,2011.5,2,42.91666667,Grassland,Irrigation,Summer,IRGA,Sandy,Dry,360,Q01,Rs_growingseason,2.8,0.489897949,2.55,0.489897949
7593,6479,24,110,0.06,0.009797959,Wang,2011.5,2,42.91666667,Grassland,Irrigation,Summer,IRGA,Sandy,Dry,360,Q01,Rs_growingseason,2.8,0.489897949,2.55,0.489897949
7593,6479,24,110,0.06,0.009797959,Wang,2011.5,2,42.91666667,Grassland,Irrigation,Summer,IRGA,Sandy,Dry,360,Q01,Rs_growingseason,2.8,0.489897949,2.2,0.489897949
7593,6479,24,110,0.06,0.009797959,Wang,2011.5,2,42.91666667,Grassland,Irrigation,Summer,IRGA,Sandy,Dry,360,Q01,Rs_growingseason,2.8,0.489897949,2.2,0.489897949
10066,6195,3,79,NA,NA,Domínguez,2000.5,1,53.05527778,Shrubland,Drought,-21% rain,IRGA,Ferric stagnopodzols,Dry,490,,Rs_annual,772.9,95.26279442,904.4,17.32050808
10066,6198,3,79,NA,NA,Domínguez,2001.5,2,53.05527778,Shrubland,Drought,-21% rain,IRGA,Ferric stagnopodzols,Dry,490,,Rs_annual,839.9,20.78460969,680.6,12.12435565
10066,6201,3,79,NA,NA,Domínguez,2002.5,3,53.05527778,Shrubland,Drought,-21% rain,IRGA,Ferric stagnopodzols,Dry,490,,Rs_annual,617.9,6.92820323,539.6,15.58845727
10066,6204,3,79,NA,NA,Domínguez,2003.5,4,53.05527778,Shrubland,Drought,-21% rain,IRGA,Ferric stagnopodzols,Dry,490,,Rs_annual,663.1,6.92820323,566.8,34.64101615
10066,6207,3,79,NA,NA,Domínguez,2004.5,5,53.05527778,Shrubland,Drought,-21% rain,IRGA,Ferric stagnopodzols,Dry,490,,Rs_annual,597.8,15.58845727,416,3.464101615
10066,6210,3,79,NA,NA,Domínguez,2005.5,6,53.05527778,Shrubland,Drought,-21% rain,IRGA,Ferric stagnopodzols,Dry,490,,Rs_annual,560.2,10.39230485,459,6.92820323
10066,6213,3,79,NA,NA,Domínguez,2006.5,7,53.05527778,Shrubland,Drought,-21% rain,IRGA,Ferric stagnopodzols,Dry,490,,Rs_annual,563.8,5.196152423,555.4,5.196152423
10066,6216,3,79,NA,NA,Domínguez,2007.5,8,53.05527778,Shrubland,Drought,-21% rain,IRGA,Ferric stagnopodzols,Dry,490,,Rs_annual,601.9,1.732050808,506.6,10.39230485
10066,6219,3,79,NA,NA,Domínguez,2008.5,9,53.05527778,Shrubland,Drought,-21% rain,IRGA,Ferric stagnopodzols,Dry,490,,Rs_annual,393.9,6.92820323,354.9,8.660254038
10066,6222,3,79,NA,NA,Domínguez,2009.5,10,53.05527778,Shrubland,Drought,-21% rain,IRGA,Ferric stagnopodzols,Dry,490,,Rs_annual,448.3,1.732050808,396.1,8.660254038
10066,6225,3,79,NA,NA,Domínguez,2010.5,11,53.05527778,Shrubland,Drought,-21% rain,IRGA,Ferric stagnopodzols,Dry,490,,Rs_annual,345.6,1.732050808,267.6,3.464101615
10066,6228,3,79,NA,NA,Domínguez,2011.5,12,53.05527778,Shrubland,Drought,-21% rain,IRGA,Ferric stagnopodzols,Dry,490,,Rs_annual,427.5,6.92820323,279.3,3.464101615
10066,6231,3,79,NA,NA,Domínguez,2012.5,13,53.05527778,Shrubland,Drought,-21% rain,IRGA,Ferric stagnopodzols,Dry,490,,Rs_annual,515.8,17.32050808,343.1,25.98076211
10483,6830,4,130,0.12,NA,Han,2005.5,1,42.18,Grassland,Irrigation,30%,IRGA,Haplic calcisols,Dry,1324,Q01,Rs_annual,851,26.5,833,30.29
10483,6834,4,130,0.14,NA,Han,2006.5,2,42.18,Grassland,Irrigation,30%,IRGA,Haplic calcisols,Dry,1324,Q01,Rs_annual,1041,34.07,908,41.64
10483,6838,4,130,0.11,NA,Han,2007.5,3,42.18,Grassland,Irrigation,30%,IRGA,Haplic calcisols,Dry,1324,Q01,Rs_annual,814,28.39,587,37.85
10483,6842,4,130,0.14,NA,Han,2008.5,4,42.18,Grassland,Irrigation,30%,IRGA,Haplic calcisols,Dry,1324,Q01,Rs_annual,1060,56.78,870,37.47
10483,6846,4,130,0.09,NA,Han,2009.5,5,42.18,Grassland,Irrigation,30%,IRGA,Haplic calcisols,Dry,1324,Q01,Rs_annual,833,47.32,596,15.14
10483,6850,4,130,0.07,NA,Han,2010.5,6,42.18,Grassland,Irrigation,30%,IRGA,Haplic calcisols,Dry,1324,Q01,Rs_annual,984,33.69,605,3.79
10483,6854,4,130,0.13,NA,Han,2011.5,7,42.18,Grassland,Irrigation,30%,IRGA,Haplic calcisols,Dry,1324,Q01,Rs_annual,1022,35.96,719,32.18
10483,6858,4,130,0.08,NA,Han,2012.5,8,42.18,Grassland,Irrigation,30%,IRGA,Haplic calcisols,Dry,1324,Q01,Rs_annual,530,31.42,473,9.46
10483,6862,4,130,0.14,NA,Han,2013.5,9,42.18,Grassland,Irrigation,30%,IRGA,Haplic calcisols,Dry,1324,Q01,Rs_annual,1135,60.57,889,32.55
10526,9107,3,68,NA,NA,Lu,2014.5,1,31.965,Forest,Drought,32% of annual Precipitation excluded,IRGA,Haplic luvisol,Dry,1400,,Rh_annual,417,39,388,16
10526,9107,3,68,NA,NA,Lu,2014.5,1,31.965,Forest,Drought,32% of annual Precipitation excluded,IRGA,Haplic luvisol,Dry,1400,,Rs_annual,567,43,497,22
10526,9109,3,74,NA,NA,Lu,2015.5,2,31.965,Forest,Drought,26% of annual Precipitation excluded,IRGA,Haplic luvisol,Dry,1400,,Rh_annual,489,50,506,29
10526,9109,3,74,NA,NA,Lu,2015.5,2,31.965,Forest,Drought,26% of annual Precipitation excluded,IRGA,Haplic luvisol,Dry,1400,,Rs_annual,576,64,603,21
11064,7867,4,115,NA,NA,Xu,2011.5,1,42.033,Grassland,Irrigation,plus 15% precipitation,IRGA,Calcis-orthic Aridisol,Dry,1324,Q01,Rs_growingseason,4.84,0.2,4.4,0.1
11064,7868,4,130,NA,NA,Xu,2011.5,1,42.033,Grassland,Irrigation,plus 30% precipitation,IRGA,Calcis-orthic Aridisol,Dry,1324,Q01,Rs_growingseason,5.1,0.4,4.4,0.1
11064,7873,4,115,NA,NA,Xu,2011.5,1,42.033,Grassland,Irrigation,plus 15% precipitation,IRGA,Chestnut soil,Dry,1324,Q01,Rs_growingseason,0.4,0.06,0.38,0.04
11064,7874,4,130,NA,NA,Xu,2011.5,1,42.033,Grassland,Irrigation,plus 30% precipitation,IRGA,Chestnut soil,Dry,1324,Q01,Rs_growingseason,0.46,0.01,0.38,0.04
11064,7879,4,115,NA,NA,Xu,2012.5,2,42.033,Grassland,Irrigation,plus 15% precipitation,IRGA,Calcis-orthic Aridisol,Dry,1324,Q01,Rs_growingseason,4.5,0.3,3.7,0.02
11064,7880,4,130,NA,NA,Xu,2012.5,2,42.033,Grassland,Irrigation,plus 30% precipitation,IRGA,Calcis-orthic Aridisol,Dry,1324,Q01,Rs_growingseason,4.7,0.36,3.7,0.02
11064,7885,4,115,NA,NA,Xu,2012.5,2,42.033,Grassland,Irrigation,plus 15% precipitation,IRGA,Chestnut soil,Dry,1324,Q01,Rs_growingseason,1.48,0.04,1.23,0.04
11064,7886,4,130,NA,NA,Xu,2012.5,2,42.033,Grassland,Irrigation,plus 30% precipitation,IRGA,Chestnut soil,Dry,1324,Q01,Rs_growingseason,1.49,0.002,1.23,0.04
11261,8487,2,34,0.17,0.01,Hoover,2010,1,39.08,Grassland,Drought,,IRGA,Typic Argiustoll,Dry,NA,,Rs_growingseason,7.9,0.1,10.25,0.25
11261,8489,2,34,0.11,0.005,Hoover,2011,2,39.08,Grassland,Drought,,IRGA,Typic Argiustoll,Dry,NA,,Rs_growingseason,7.25,0.5,9.75,0.15
11261,8491,2,34,0.18,0.01,Hoover,2012,3,39.08,Grassland,Drought,,IRGA,Typic Argiustoll,Dry,NA,,Rs_growingseason,8.15,0.1,7.75,0.05
