"This is the ""water_manipulations"" data frame from SP's RMarkdown code (2020-01-22)",,,,,,,,,,,,,,,
,,,,,,,,,,Number of reps,Rs standard deviation,Manipulation level as percent of control (MAP),Soil moisture (volumetric),,
Study_number,Record_number,Author,Study_midyear,Ecosystem_type,Manipulation,Manipulation_level,Rs_annual,Soil_drainage,Elevation,N,SD_Rs_annual,Percent_control,SM_mean,SM_sd,Notes
1639,115,Maier,1995.5,Forest,None,NA,1263,Dry,NA,4,397.845,100,,,"Methods: ""CV was between 27 and 36%"""
1639,116,Maier,1995.5,Forest,Irrigated,NA,1489,Dry,NA,4,469.035,161,,,"Methods: ""CV was between 27 and 36%""; see Albaugh 1998 for irrigation level"
1703,572,Thomas,1996,Forest,Irrigated,350 ppm,1671,Dry,9,,,,,,
2353,651,Lee,2001.5,Forest,Irrigated,NA,855,Dry,NA,,,,,,
2353,655,Lee,2001.5,Forest,Irrigated,NA,715,Dry,NA,,,,,,
1421,759,Borken,1993,Forest,None,NA,302,Dry,510,3,36.6,100,,,Table 1 and Table 2
1421,760,Borken,1993,Forest,Irrigated,NA,321,Dry,510,4,41.6,55,,,Table 1 and Table 2
1421,762,Borken,1994,Forest,None,NA,313,Dry,510,3,15.5,100,,,Table 1 and Table 2
1421,763,Borken,1994,Forest,Irrigated,NA,481,Dry,510,4,75.6,86,,,Table 1 and Table 2
1599,777,Gärdenäs,1995,Forest,None,NA,NA,Dry,NA,3,,,,,
1599,779,Gärdenäs,1995,Forest,Drought,NA,NA,Dry,NA,4,,,,,
3978,841,McCulley,1996.5,Savanna,None,NA,786,Dry,NA,6,616.8607595,100,0.063,0.055,
3978,842,McCulley,1996.5,Savanna,None,NA,707,Dry,NA,6,577.5492958,100,0.058,0.041,
3978,843,McCulley,1996.5,Savanna,None,NA,896,Dry,NA,6,686.9333333,100,0.059,0.037,
3978,844,McCulley,1996.5,Savanna,None,NA,876,Dry,NA,6,617.1818182,100,0.09,0.055,
3978,845,McCulley,1996.5,Savanna,Irrigated,40 mm/week,1165,Dry,NA,6,736.8376068,248.603352,0.179,0.057,"MAP=716, +40 mm/week"
3978,846,McCulley,1996.5,Savanna,Irrigated,40 mm/week,1224,Dry,NA,6,646.8292683,248.603352,0.143,0.053,"MAP=716, +40 mm/week"
3978,847,McCulley,1996.5,Savanna,Irrigated,40 mm/week,2071,Dry,NA,6,1154.980769,248.603352,0.138,0.048,"MAP=716, +40 mm/week"
3978,848,McCulley,1996.5,Savanna,Irrigated,40 mm/week,1802,Dry,NA,6,1055.314917,248.603352,0.168,0.049,"MAP=716, +40 mm/week"
3729,964,Asensio,2003.5,Forest,None,NA,859,Dry,930,,,,,,
3729,965,Asensio,2004.5,Forest,None,NA,397,Dry,930,,,,,,
3729,966,Asensio,2003.5,Forest,Drought,NA,NA,Dry,930,,,,,,
3729,967,Asensio,2004.5,Forest,Drought,NA,NA,Dry,930,,,,,,
4051,1041,Risch,2005,Grassland,None,NA,NA,Dry,1890,,,,,,
4051,1042,Risch,2005,Grassland,None,NA,NA,Dry,1650,,,,,,
4051,1043,Risch,2005,Grassland,None,NA,NA,Dry,2430,,,,,,
4051,1044,Risch,2005,Grassland,None,NA,NA,Dry,1920,,,,,,
4051,1045,Risch,2005,Grassland,None,NA,NA,Dry,2260,,,,,,
4051,1046,Risch,2005,Grassland,Irrigated,NA,NA,Dry,1890,,,,,,
4051,1047,Risch,2005,Grassland,Irrigated,NA,NA,Dry,1650,,,,,,
4051,1048,Risch,2005,Grassland,Irrigated,NA,NA,Dry,2430,,,,,,
4051,1049,Risch,2005,Grassland,Irrigated,NA,NA,Dry,1920,,,,,,
4051,1050,Risch,2005,Grassland,Irrigated,NA,NA,Dry,2260,,,,,,
4085,1057,Sotta,2002.5,Forest,None,NA,1627,Dry,NA,1,37.8372093,100,0.224,0.006,
4085,1058,Sotta,2002.5,Forest,Precipitation amount change,NA,1211,Dry,NA,1,37.84375,50,0.162,0.006,
2694,1225,Maier,1996,Forest,None,NA,811,Dry,14,4,,100,,,No s.d.
2694,1226,Maier,1996,Forest,Irrigated,NA,1038,Dry,14,4,,133,,,No s.d.
3263,1280,Borken,2002,Forest,None,NA,1148,Dry,340,,,,,,
3263,1281,Borken,2002,Forest,Drought,NA,964,Dry,340,,,,,,
1268,1462,Billings,1996,Forest,None,NA,NA,Dry,308,,,,,,
1268,1463,Billings,1996,Forest,None,NA,NA,Wet,139,,,,,,
1268,1464,Billings,1996,Forest,Drought,NA,NA,Dry,308,,,,,,
1268,1465,Billings,1996,Forest,Drought,NA,NA,Wet,139,,,,,,
1268,1466,Billings,1997,Forest,None,NA,NA,Dry,308,,,,,,
1268,1467,Billings,1997,Forest,None,NA,NA,Wet,139,,,,,,
1268,1468,Billings,1997,Forest,Drought,NA,NA,Dry,308,,,,,,
1268,1469,Billings,1997,Forest,Drought,NA,NA,Wet,139,,,,,,
4530,1500,Sainju,2005,Agriculture,None,NA,NA,Dry,178,,,,,,
4530,1501,Sainju,2005,Agriculture,Irrigated,NA,NA,Dry,178,,,,,,
4549,1524,Selmants,2000.5,Forest,None,NA,900,Dry,2250,,,,,,
4549,1525,Selmants,2000.5,Forest,Irrigated,NA,989,Dry,2250,,,,,,
4549,1528,Selmants,2000.5,Forest,Irrigated,NA,1175,Dry,2250,,,,,,
4564,1541,Sowerby,2001,Shrubland,None,NA,NA,Wet,NA,3,,100,0.41,,The values from the paper seem really sketchy; let's omit
4564,1542,Sowerby,2001,Shrubland,None,NA,263,Dry,NA,3,,100,0.23,,The values from the paper seem really sketchy; let's omit
4564,1543,Sowerby,2001,Shrubland,None,NA,597,Dry,NA,3,,100,0.3,,The values from the paper seem really sketchy; let's omit
4564,1544,Sowerby,2001,Shrubland,Drought,NA,NA,Wet,NA,3,,77,0.27,,The values from the paper seem really sketchy; let's omit
4564,1545,Sowerby,2001,Shrubland,Drought,NA,213,Dry,NA,3,,77,0.19,,The values from the paper seem really sketchy; let's omit
4564,1546,Sowerby,2001,Shrubland,Drought,NA,237,Dry,NA,3,,77,0.2,,The values from the paper seem really sketchy; let's omit
1593,1600,Fay,1998,Grassland,None,NA,NA,Dry,NA,,,,,,
1593,1601,Fay,1998,Grassland,Drought,Increased interval,NA,Dry,NA,,,,,,
1593,1602,Fay,1998,Grassland,Drought,70% rainfall,NA,Dry,NA,,,,,,
1593,1603,Fay,1998,Grassland,Drought,"Increased interval, 70% rainfall",NA,Dry,NA,,,,,,
4270,1931,Davidson,2003,Forest,None,NA,1280,Dry,NA,,,,,,
4270,1932,Davidson,2003,Forest,Drought,65% annual precip,1280,Dry,NA,,,,,,
4257,1933,Chou,2003,Grassland,None,NA,1011,Dry,345,,,,,,
4257,1934,Chou,2003,Grassland,Irrigated,NA,1170,Dry,345,,,,,,
4257,1935,Chou,2004,Grassland,None,NA,1480,Dry,345,,,,,,
4257,1936,Chou,2004,Grassland,Irrigated,NA,1568,Dry,345,,,,,,
4257,1937,Chou,2005,Grassland,None,NA,918,Dry,345,,,,,,
4257,1938,Chou,2005,Grassland,Irrigated,NA,1012,Dry,345,,,,,,
4257,1939,Chou,2006,Grassland,None,NA,887,Dry,345,,,,,,
4257,1940,Chou,2006,Grassland,Irrigated,NA,950,Dry,345,,,,,,
2809,2009,Vasconcelos,2001,Forest,None,NA,1593,Dry,NA,,,,,,
2809,2010,Vasconcelos,2001,Forest,Irrigated,5 mm/day,2021,Dry,NA,,,,,,
2809,2011,Vasconcelos,2002,Forest,None,NA,1988,Dry,NA,,,,,,
2809,2012,Vasconcelos,2002,Forest,Irrigated,5 mm/day,2237,Dry,NA,,,,,,
2952,2060,Harper,1999,Grassland,None,NA,NA,Dry,NA,,,,,,
2952,2061,Harper,1999,Grassland,Drought,NA,NA,Dry,NA,,,,,,
3983,2273,Metcalfe,2004.5,Forest,None,NA,1300,Dry,NA,,,,,,
3983,2274,Metcalfe,2004.5,Forest,Drought,NA,1300,Dry,NA,,,,,,
3983,2275,Metcalfe,2004.5,Forest,None,NA,1300,Dry,NA,,,,,,
3983,2276,Metcalfe,2004.5,Forest,None,NA,1700,Dry,NA,,,,,,
3730,2303,Asensio,2003,Forest,None,NA,859,Dry,930,,,,,,
3730,2304,Asensio,2003,Forest,Drought,NA,859,Dry,930,,,,,,
4234,2357,Brando,2002.5,Forest,None,NA,1280,Dry,NA,1,130,100,,,
4234,2358,Brando,2002.5,Forest,Drought,65% annual precip,1280,Dry,NA,1,100,63,,,
3710,2364,Zhou,2003,Grassland,None,NA,835,Dry,NA,,,,,,
3710,2368,Zhou,2002,Grassland,None,NA,1131,Dry,NA,,,,,,
3710,2369,Zhou,2002,Grassland,None,NA,877,Dry,NA,,,,,,
3710,2371,Zhou,2002,Grassland,Irrigated,NA,1013,Dry,NA,,,,,,
105,2383,de Jong,1970,Grassland,None,NA,NA,Dry,NA,,,,,,
105,2384,de Jong,1971,Grassland,None,NA,NA,Dry,NA,,,,,,
105,2385,de Jong,1970,Grassland,Irrigated,NA,NA,Dry,NA,,,,,,
105,2386,de Jong,1971,Grassland,Irrigated,NA,NA,Dry,NA,,,,,,
105,2391,de Jong,1970,Agriculture,None,NA,NA,Dry,NA,,,,,,
105,2392,de Jong,1970,Agriculture,None,NA,NA,Dry,NA,,,,,,
105,2393,de Jong,1970,Agriculture,None,NA,NA,Dry,NA,,,,,,
2354,2753,Lee,2001.5,Forest,None,NA,655,Dry,NA,3,,,,,No errors or irrigation level reported
2354,2754,Lee,2001.5,Forest,Irrigated,NA,594,Dry,NA,3,,,,,No errors or irrigation level reported
3665,2896,Werner,NA,Forest,None,NA,NA,Dry,770,,,,,,
3665,2897,Werner,NA,Forest,None,NA,NA,Dry,550,,,,,,
3665,2899,Werner,NA,Forest,Irrigated,NA,NA,Dry,770,,,,,,
3665,2900,Werner,NA,Forest,Irrigated,NA,NA,Dry,550,,,,,,
4412,2915,Lellei-Kovács,2003,Grassland,None,NA,NA,Dry,NA,,,,,,
4412,2917,Lellei-Kovács,2003,Grassland,Drought,NA,NA,Dry,NA,,,,,,
4412,2918,Lellei-Kovács,2004,Grassland,None,NA,NA,Dry,NA,,,,,,
4412,2920,Lellei-Kovács,2004,Grassland,Drought,NA,NA,Dry,NA,,,,,,
4412,2921,Lellei-Kovács,2005,Grassland,None,NA,NA,Dry,NA,,,,,,
4412,2923,Lellei-Kovács,2005,Grassland,Drought,NA,NA,Dry,NA,,,,,,
4412,2924,Lellei-Kovács,2006,Grassland,None,NA,NA,Dry,NA,,,,,,
4412,2926,Lellei-Kovács,2006,Grassland,Drought,NA,NA,Dry,NA,,,,,,
880,2987,Nakayama,1991,Agriculture,None,NA,NA,Dry,NA,,,,,,
880,2989,Nakayama,1991,Agriculture,Irrigated,790 mm,NA,Dry,NA,,,,,,
880,2990,Nakayama,1991,Agriculture,Irrigated,1050 mm,NA,Dry,NA,,,,,,
4352,3049,Jabro,2005,Agriculture,Irrigated,NA,NA,Dry,NA,,,,,,
4352,3050,Jabro,2005,Agriculture,None,NA,NA,Dry,NA,,,,,,
4352,3053,Jabro,2005,Agriculture,None,NA,NA,Dry,NA,,,,,,
1013,3113,Vose,1993,Forest,Irrigated,NA,NA,Dry,NA,,,,,,
1013,3116,Vose,1993,Forest,Irrigated,NA,NA,Dry,NA,,,,,,
4895,3512,Inglima,2004.5,Forest,None,NA,NA,Dry,NA,,,,,,
4895,3513,Inglima,2004.5,Shrubland,None,NA,NA,Dry,NA,,,,,,
4895,3514,Inglima,2004.5,Grassland,None,NA,NA,Dry,NA,,,,,,
4895,3515,Inglima,2004.5,Forest,Irrigated,NA,NA,Dry,NA,,,,,,
4895,3516,Inglima,2004.5,Shrubland,Irrigated,NA,NA,Dry,NA,,,,,,
4895,3517,Inglima,2004.5,Grassland,Irrigated,NA,NA,Dry,NA,,,,,,
4849,3737,Garten,2005,Grassland,Drought,NA,NA,Dry,NA,,,,,,
4849,3738,Garten,2005,Grassland,None,NA,NA,Dry,NA,,,,,,
4849,3745,Garten,2006,Grassland,Drought,NA,NA,Dry,NA,,,,,,
4849,3746,Garten,2006,Grassland,None,NA,NA,Dry,NA,,,,,,
4151,3814,Xiao,2004,Grassland,None,NA,NA,Dry,1350,,,,,,
4151,3818,Xiao,2004,Grassland,Irrigated,NA,NA,Dry,1350,,,,,,
4151,3819,Xiao,2004,Grassland,Irrigated,#ERROR!,NA,Dry,1350,,,,,,
4151,3820,Xiao,2004,Grassland,Irrigated,#ERROR!,NA,Dry,1350,,,,,,
4151,3821,Xiao,2004,Grassland,Irrigated,#ERROR!,NA,Dry,1350,,,,,,
5587,3843,Misson,2004,Forest,None,NA,758,Dry,270,3,30.32,100,,,No s.d. given; using average CV of other fluxes
5587,3844,Misson,2004,Forest,Drought,NA,677,Dry,270,3,203.1,73,,,No s.d. given; using average CV of other fluxes
5587,3845,Misson,2005,Forest,None,NA,800,Dry,270,3,44,100,,,No s.d. given; using average CV of other fluxes
5587,3846,Misson,2005,Forest,Drought,NA,710,Dry,270,3,454.4,73,,,No s.d. given; using average CV of other fluxes
5403,3896,Joos,2007,Grassland,None,NA,1610,Dry,400,,,,,,
5403,3897,Joos,2007,Grassland,Drought,-400 mm,NA,Dry,400,,,,,,
5448,3965,van Straaten,2007.5,Forest,None,NA,1110,Dry,560,3,500,100,,,
5448,3966,van Straaten,2007.5,Forest,Drought,NA,1050,Dry,560,3,500,30,,,"March 2007, 60% closed, increased to 80% January 2008"
5573,4003,Cleveland,2008,Forest,None,NA,1142,Dry,NA,,,,,,
5573,4004,Cleveland,2008,Forest,Drought,-25%,1293,Dry,NA,,,,,,
5573,4005,Cleveland,2008,Forest,Drought,-50%,1421,Dry,NA,,,,,,
5536,4006,Yan,2006,Grassland,None,NA,NA,Dry,NA,,,,,,
5536,4008,Yan,2006,Grassland,Irrigated,15 mm H2O/week,NA,Dry,NA,,,,,,
5536,4010,Yan,2007,Grassland,None,NA,NA,Dry,NA,,,,,,
5536,4012,Yan,2007,Grassland,Irrigated,15 mm H2O/week,NA,Dry,NA,,,,,,
5308,4150,De Dato,2002,Shrubland,None,NA,1173,Dry,40,,,,,,
5308,4152,De Dato,2002,Shrubland,Drought,NA,1077,Dry,40,,,,,,
5308,4153,De Dato,2003,Shrubland,None,NA,1173,Dry,40,,,,,,
5308,4155,De Dato,2003,Shrubland,Drought,NA,1091,Dry,40,,,,,,
5308,4156,De Dato,2004,Shrubland,None,NA,1009,Dry,40,,,,,,
5308,4158,De Dato,2004,Shrubland,Drought,NA,941,Dry,40,,,,,,
5368,4379,Liu,NA,Agriculture,Irrigated,NA,NA,Dry,1207,,,,,,
5368,4380,Liu,NA,Agriculture,None,NA,NA,Dry,1207,,,,,,
5368,4381,Liu,NA,Agriculture,None,NA,NA,Dry,1207,,,,,,
6185,4393,Wu,2004,Forest,None,NA,NA,Dry,NA,,,,,,
6185,4394,Wu,2004,Forest,Irrigated,NA,NA,Dry,NA,,,,,,
6185,4395,Wu,2005,Forest,None,NA,NA,Dry,NA,,,,,,
6185,4396,Wu,2005,Forest,Irrigated,NA,NA,Dry,NA,,,,,,
6185,4397,Wu,2002,Forest,None,NA,NA,Dry,NA,,,,,,
6172,4398,Yan,2007.5,Forest,Irrigated,NA,NA,Dry,660,,,,,,
6172,4399,Yan,2007.5,Forest,Irrigated,NA,NA,Dry,660,,,,,,
6172,4400,Yan,2007.5,Forest,Irrigated,NA,NA,Dry,660,,,,,,
6166,4402,Cotrufo,2008,Forest,None,NA,1157,Dry,500,3,75,100,,,SD est. from Fig 5
6166,4403,Cotrufo,2008,Forest,Drought,-20% precip,1415,Dry,500,3,125,90,,,SD est. from Fig 5
6166,4404,Cotrufo,2008,Forest,Irrigated,755 mm/yr,1887,Dry,500,3,120,204,,,SD est. from Fig 5
6166,4402,Cotrufo,2009.5,Forest,None,NA,1200,,,3,50,100,,,ADD NEW ROW NUMBER; est. from Fig 5
6166,4403,Cotrufo,2009.5,Forest,Drought,-20% precip,1400,,,3,75,90,,,ADD NEW ROW NUMBER; est. from Fig 5
6166,4404,Cotrufo,2009.5,Forest,Irrigated,755 mm/yr,1775,,,3,110,204,,,ADD NEW ROW NUMBER; est. from Fig 5
6048,4491,Yan,2009,Grassland,None,NA,NA,Dry,1324,,,,,,
6048,4494,Yan,2009,Grassland,Irrigated,120 mm,NA,Dry,1324,,,,,,
6048,4497,Yan,2010,Grassland,None,NA,NA,Dry,1324,,,,,,
6048,4500,Yan,2010,Grassland,Irrigated,120 mm,NA,Dry,1324,,,,,,
6066,4510,Thomey,2007,Grassland,None,NA,NA,Dry,NA,,,,,,
6066,4511,Thomey,2007,Grassland,Irrigated,#ERROR!,NA,Dry,NA,,,,,,
6066,4512,Thomey,2007,Grassland,Irrigated,#ERROR!,NA,Dry,NA,,,,,,
6066,4513,Thomey,2008,Grassland,None,NA,NA,Dry,NA,,,,,,
6066,4514,Thomey,2008,Grassland,Irrigated,#ERROR!,NA,Dry,NA,,,,,,
6066,4515,Thomey,2008,Grassland,Irrigated,#ERROR!,NA,Dry,NA,,,,,,
6112,4554,Talmon,2006.5,Shrubland,None,NA,758,Dry,500,,,,,,
6112,4555,Talmon,2006.5,Shrubland,None,NA,634,Dry,500,,,,,,
6112,4556,Talmon,2006.5,Shrubland,Irrigated,NA,715,Dry,500,,,,,,
6112,4557,Talmon,2006.5,Shrubland,Drought,NA,600,Dry,500,,,,,,
6112,4558,Talmon,2006.5,Shrubland,None,NA,429,Dry,500,,,,,,
6112,4559,Talmon,2006.5,Shrubland,Irrigated,NA,564,Dry,500,,,,,,
6112,4560,Talmon,2006.5,Shrubland,Drought,NA,472,Dry,500,,,,,,
6112,4561,Talmon,2006.5,Shrubland,None,NA,177,Dry,500,,,,,,
6168,4585,Fay,1998,Grassland,None,NA,NA,Dry,NA,,,,,,
6168,4586,Fay,1999,Grassland,None,NA,NA,Dry,NA,,,,,,
6168,4587,Fay,2000,Grassland,None,NA,NA,Dry,NA,,,,,,
6168,4588,Fay,2001,Grassland,None,NA,NA,Dry,NA,,,,,,
6168,4589,Fay,2002,Grassland,None,NA,NA,Dry,NA,,,,,,
6168,4590,Fay,2003,Grassland,None,NA,NA,Dry,NA,,,,,,
6168,4591,Fay,2004,Grassland,None,NA,NA,Dry,NA,,,,,,
6168,4592,Fay,2005,Grassland,None,NA,NA,Dry,NA,,,,,,
6168,4593,Fay,2006,Grassland,None,NA,NA,Dry,NA,,,,,,
6168,4594,Fay,2006.5,Grassland,None,NA,NA,Dry,NA,,,,,,
6168,4595,Fay,2007,Grassland,None,NA,NA,Dry,NA,,,,,,
6168,4596,Fay,1998,Grassland,Drought,70% precip,NA,Dry,NA,,,,,,
6168,4597,Fay,1999,Grassland,Drought,70% precip,NA,Dry,NA,,,,,,
6168,4598,Fay,2000,Grassland,Drought,70% precip,NA,Dry,NA,,,,,,
6168,4599,Fay,2001,Grassland,Drought,70% precip,NA,Dry,NA,,,,,,
6168,4600,Fay,2003,Grassland,Drought,70% precip,NA,Dry,NA,,,,,,
6168,4601,Fay,2004,Grassland,Drought,70% precip,NA,Dry,NA,,,,,,
6168,4602,Fay,2005,Grassland,Drought,70% precip,NA,Dry,NA,,,,,,
6168,4603,Fay,2006,Grassland,Drought,70% precip,NA,Dry,NA,,,,,,
6168,4604,Fay,2007,Grassland,Drought,70% precip,NA,Dry,NA,,,,,,
6168,4605,Fay,1998,Grassland,Drought,Altered timing,NA,Dry,NA,,,,,,
6168,4606,Fay,1999,Grassland,Drought,Altered timing,NA,Dry,NA,,,,,,
6168,4607,Fay,2000,Grassland,Drought,Altered timing,NA,Dry,NA,,,,,,
6168,4608,Fay,2001,Grassland,Drought,Altered timing,NA,Dry,NA,,,,,,
6168,4609,Fay,2002,Grassland,Drought,Altered timing,NA,Dry,NA,,,,,,
6168,4610,Fay,2003,Grassland,Drought,Altered timing,NA,Dry,NA,,,,,,
6168,4611,Fay,2004,Grassland,Drought,Altered timing,NA,Dry,NA,,,,,,
6168,4612,Fay,2005,Grassland,Drought,Altered timing,NA,Dry,NA,,,,,,
6168,4613,Fay,2006,Grassland,Drought,Altered timing,NA,Dry,NA,,,,,,
6168,4614,Fay,2006.5,Grassland,Drought,Altered timing,NA,Dry,NA,,,,,,
6168,4615,Fay,2007,Grassland,Drought,Altered timing,NA,Dry,NA,,,,,,
6168,4616,Fay,1998,Grassland,Drought,"Altered timing, 70% precip",NA,Dry,NA,,,,,,
6168,4617,Fay,1999,Grassland,Drought,"Altered timing, 70% precip",NA,Dry,NA,,,,,,
6168,4618,Fay,2000,Grassland,Drought,"Altered timing, 70% precip",NA,Dry,NA,,,,,,
6168,4619,Fay,2001,Grassland,Drought,"Altered timing, 70% precip",NA,Dry,NA,,,,,,
6248,4757,Carter,2008.5,Wetland,None,NA,528,Wet,80,,,,,,
6248,4759,Carter,2007,Wetland,None,NA,231,Wet,380,,,,,,
6248,4761,Carter,2007,Wetland,None,NA,522,Wet,140,,,,,,
6248,4763,Carter,2006.5,Wetland,None,NA,572,Wet,280,,,,,,
6248,4766,Carter,2006.5,Shrubland,None,NA,518,Wet,490,,,,,,
6248,4767,Carter,2006.5,Shrubland,Drought,NA,633,Wet,490,,,,,,
6248,4769,Carter,2003.5,Shrubland,None,NA,732,Dry,57,,,,,,
6248,4770,Carter,2003.5,Shrubland,Drought,NA,513,Dry,57,,,,,,
6248,4772,Carter,2006.5,Shrubland,None,NA,651,Dry,9,,,,,,
6248,4773,Carter,2006.5,Shrubland,Drought,NA,600,Dry,9,,,,,,
6248,4775,Carter,1999,Shrubland,None,NA,310,Dry,25,,,,,,
6248,4776,Carter,1999,Shrubland,Drought,NA,285,Dry,25,,,,,,
6248,4778,Carter,2007.5,Shrubland,None,NA,390,Dry,210,,,,,,
6248,4779,Carter,2007.5,Shrubland,Drought,NA,298,Dry,210,,,,,,
6272,4794,Deng,2007,Forest,Irrigated,2x precip,961,Dry,250,,,,,,
6272,4795,Deng,2008,Forest,Irrigated,2x precip,1230,Dry,260,,,,,,
6272,4796,Deng,2009,Forest,Irrigated,2x precip,1166,Dry,260,,,,,,
6272,4797,Deng,2007,Forest,None,NA,833,Dry,250,,,,,,
6272,4798,Deng,2008,Forest,None,NA,1150,Dry,260,,,,,,
6272,4799,Deng,2009,Forest,None,NA,1158,Dry,260,,,,,,
6299,4852,Ford,2009,Savanna,None,NA,675,Dry,158,4,13.6,100,0.078,,SD estimated from Fig 7
6299,4853,Ford,2009,Savanna,Irrigated,50%,760,Dry,158,4,68.2,150,0.118,,SD estimated from Fig 7
6299,4854,Ford,2009,Savanna,None,NA,460,Dry,158,4,109.1,100,0.078,,SD estimated from Fig 7
6299,4855,Ford,2009,Savanna,Irrigated,50%,845,Dry,158,4,81.8,150,0.118,,SD estimated from Fig 7
6341,4878,Huang,2010,Agriculture,Irrigated,NA,NA,Dry,NA,,,,,,
6341,4879,Huang,2011,Agriculture,Irrigated,NA,NA,Dry,NA,,,,,,
6374,4903,Lai,2010,Shrubland,Irrigated,NA,NA,Dry,NA,,,,,,
6374,4904,Lai,2010,Grassland,None,NA,NA,Dry,NA,,,,,,
6374,4905,Lai,2010,Shrubland,None,NA,NA,Dry,NA,,,,,,
6374,4906,Lai,2010,Shrubland,None,NA,NA,Dry,NA,,,,,,
6410,4925,Matias,2007,Forest,Drought,NA,NA,Dry,1650,,,,,,
6410,4926,Matias,2007,Forest,None,NA,NA,Dry,1650,,,,,,
6410,4927,Matias,2007,Forest,Irrigated,NA,NA,Dry,1650,,,,,,
6410,4928,Matias,2007,Shrubland,Drought,NA,NA,Dry,1650,,,,,,
6410,4929,Matias,2007,Shrubland,None,NA,NA,Dry,1650,,,,,,
6410,4930,Matias,2007,Shrubland,Irrigated,NA,NA,Dry,1650,,,,,,
6410,4931,Matias,2007,Bare,Drought,NA,NA,Dry,1650,,,,,,
6410,4932,Matias,2007,Bare,None,NA,NA,Dry,1650,,,,,,
6410,4933,Matias,2007,Bare,Irrigated,NA,NA,Dry,1650,,,,,,
6489,5020,Ruehr,2010,Forest,None,NA,NA,Dry,977,,,,,,
6489,5021,Ruehr,2010,Forest,Irrigated,NA,NA,Dry,977,,,,,,
6505,5057,Selsted,2006,Shrubland,None,NA,672,Dry,NA,,,,,,
6505,5059,Selsted,2006,Shrubland,Drought,NA,609,Dry,NA,,,,,,
6505,5065,Selsted,2007,Shrubland,None,NA,719,Dry,NA,,,,,,
6505,5066,Selsted,2007,Shrubland,None,NA,777,Dry,NA,,,,,,
6505,5067,Selsted,2007,Shrubland,None,NA,661,Dry,NA,,,,,,
6505,5068,Selsted,2007,Shrubland,None,NA,612,Dry,NA,,,,,,
6505,5069,Selsted,2007,Shrubland,None,NA,843,Dry,NA,,,,,,
6505,5070,Selsted,2007,Shrubland,None,NA,1016,Dry,NA,,,,,,
6505,5071,Selsted,2007,Shrubland,None,NA,898,Dry,NA,,,,,,
6505,5072,Selsted,2007,Shrubland,None,NA,851,Dry,NA,,,,,,
6502,5084,Schindlbacher,2008,Forest,None,NA,NA,Dry,910,,,,,,
6502,5085,Schindlbacher,2009,Forest,None,NA,NA,Dry,910,,,,,,
6502,5086,Schindlbacher,2010,Forest,None,NA,NA,Dry,910,,,,,,
6502,5090,Schindlbacher,2008,Forest,Drought,NA,NA,Dry,910,,,,,,
6502,5091,Schindlbacher,2009,Forest,Drought,NA,NA,Dry,910,,,,,,
6502,5092,Schindlbacher,2010,Forest,Drought,NA,NA,Dry,910,,,,,,
6540,5096,Suseela,2009,Grassland,None,NA,NA,Dry,NA,,,,,,
6540,5097,Suseela,2009,Grassland,Irrigated,NA,NA,Dry,NA,,,,,,
6540,5098,Suseela,2009,Grassland,Drought,NA,NA,Dry,NA,,,,,,
6575,5113,Wunderlich,2009,Wetland,None,NA,365,Wet,700,,,,,,
6575,5114,Wunderlich,2010,Wetland,None,NA,307,Wet,700,,,,,,
6575,5115,Wunderlich,2009,Wetland,Irrigated,NA,212,Wet,700,,,,,,
6575,5116,Wunderlich,2010,Wetland,Irrigated,NA,216,Wet,700,,,,,,
6793,5241,Coucheney,2009,Forest,Irrigated,NA,NA,Dry,310,,,,,,
7048,5424,Jiang,2007.5,Forest,None,NA,848,Dry,225,,,,,,
7048,5425,Jiang,2007.5,Forest,None,NA,1082,Dry,225,,,,,,
7048,5426,Jiang,2007.5,Forest,None,NA,1094,Dry,225,,,,,,
7048,5427,Jiang,2007.5,Forest,Drought,NA,416,Dry,225,,,,,,
7048,5428,Jiang,2007.5,Forest,Drought,NA,787,Dry,225,,,,,,
7048,5429,Jiang,2007.5,Forest,Drought,NA,810,Dry,225,,,,,,
7048,5430,Jiang,2007.5,Forest,Precipitation amount change,Double precipitation,999,Dry,225,,,,,,
7048,5431,Jiang,2007.5,Forest,Precipitation amount change,Double precipitation,1124,Dry,225,,,,,,
7048,5432,Jiang,2007.5,Forest,Precipitation amount change,Double precipitation,1116,Dry,225,,,,,,
7113,5444,Lagomarsino,2003.5,Forest,Irrigated,NA,719,Dry,150,,,,,,
7113,5445,Lagomarsino,2004.5,Forest,Irrigated,NA,605,Dry,150,,,,,,
7046,5645,Jia,2011,Grassland,None,NA,NA,Dry,1178,,,,,,
7046,5646,Jia,2011,Grassland,None,NA,NA,Dry,1178,,,,,,
7046,5647,Jia,2011,Grassland,Irrigated,50 mm/yr,NA,Dry,1178,,,,,,
7046,5648,Jia,2011,Grassland,Irrigated,50 mm/yr,NA,Dry,1178,,,,,,
7115,5683,Lai,2010.5,Shrubland,None,NA,NA,Dry,NA,,,,,,
7115,5686,Lai,2010.5,Shrubland,Irrigated,50%,NA,Dry,NA,,,,,,
7115,5689,Lai,2010.5,Shrubland,Irrigated,100%,NA,Dry,NA,,,,,,
7153,5709,Liang,2010.75,Forest,Irrigated,pH 4.5,1225,Dry,NA,,,,,,
7153,5710,Liang,2011.75,Forest,Irrigated,pH 4.5,1121,Dry,NA,,,,,,
7153,5711,Liang,2010.75,Forest,Irrigated,pH 4.5,1203,Dry,NA,,,,,,
7153,5712,Liang,2011.75,Forest,Irrigated,pH 4.5,1088,Dry,NA,,,,,,
7153,5713,Liang,2010.75,Forest,Irrigated,pH 4.5,1200,Dry,NA,,,,,,
7153,5714,Liang,2011.75,Forest,Irrigated,pH 4.5,1135,Dry,NA,,,,,,
8694,5895,da Costa,2010.5,Forest,None,NA,1599,Dry,NA,,,,,,
8694,5896,da Costa,2010.5,Forest,Drought,NA,1534,Dry,NA,,,,,,
9324,5940,Zhang,2012.5,Forest,None,NA,693,Dry,568,5,299.578125,100,0.2918,0.0899,Data from SI
9324,5941,Zhang,2012.5,Forest,Drought,NA,855,Dry,568,5,348.9013453,50,0.2435,0.073,Data from SI
10104,6046,Hinko-Najera,2011.5,Forest,None,NA,1771,Dry,706,3,30.2744,100,,,
10104,6047,Hinko-Najera,2011.5,Forest,Drought,-40%,1434,Dry,706,3,22.7058,60,,,
10404,6094,Reynolds,2011,Grassland,None,NA,979,Dry,394,,,,,,
10404,6095,Reynolds,2011,Grassland,None,NA,1039,Dry,165,,,,,,
10404,6096,Reynolds,2011,Grassland,None,NA,802,Dry,134,,,,,,
10404,6103,Reynolds,2011,Grassland,Irrigated,NA,967,Dry,394,,,,,,
10404,6104,Reynolds,2011,Grassland,Irrigated,NA,1097,Dry,165,,,,,,
10404,6105,Reynolds,2011,Grassland,Irrigated,NA,858,Dry,134,,,,,,
10066,6191,Domínguez,1999.5,Shrubland,None,NA,887.2,Dry,490,,,,,,
10066,6192,Domínguez,1999.5,Shrubland,Drought,-21% rain,807.8,Dry,490,,,,,,
10066,6194,Domínguez,2000.5,Shrubland,None,NA,904.4,Dry,490,,,,,,
10066,6195,Domínguez,2000.5,Shrubland,Drought,-21% rain,772.9,Dry,490,,,,,,
10066,6197,Domínguez,2001.5,Shrubland,None,NA,680.6,Dry,490,,,,,,
10066,6198,Domínguez,2001.5,Shrubland,Drought,-21% rain,839.9,Dry,490,,,,,,
10066,6200,Domínguez,2002.5,Shrubland,None,NA,539.6,Dry,490,,,,,,
10066,6201,Domínguez,2002.5,Shrubland,Drought,-21% rain,617.9,Dry,490,,,,,,
10066,6203,Domínguez,2003.5,Shrubland,None,NA,566.8,Dry,490,,,,,,
10066,6204,Domínguez,2003.5,Shrubland,Drought,-21% rain,663.1,Dry,490,,,,,,
10066,6206,Domínguez,2004.5,Shrubland,None,NA,416,Dry,490,,,,,,
10066,6207,Domínguez,2004.5,Shrubland,Drought,-21% rain,597.8,Dry,490,,,,,,
10066,6209,Domínguez,2005.5,Shrubland,None,NA,459,Dry,490,,,,,,
10066,6210,Domínguez,2005.5,Shrubland,Drought,-21% rain,560.2,Dry,490,,,,,,
10066,6212,Domínguez,2006.5,Shrubland,None,NA,555.4,Dry,490,,,,,,
10066,6213,Domínguez,2006.5,Shrubland,Drought,-21% rain,563.8,Dry,490,,,,,,
10066,6215,Domínguez,2007.5,Shrubland,None,NA,506.6,Dry,490,,,,,,
10066,6216,Domínguez,2007.5,Shrubland,Drought,-21% rain,601.9,Dry,490,,,,,,
10066,6218,Domínguez,2008.5,Shrubland,None,NA,354.9,Dry,490,,,,,,
10066,6219,Domínguez,2008.5,Shrubland,Drought,-21% rain,393.9,Dry,490,,,,,,
10066,6221,Domínguez,2009.5,Shrubland,None,NA,396.1,Dry,490,,,,,,
10066,6222,Domínguez,2009.5,Shrubland,Drought,-21% rain,448.3,Dry,490,,,,,,
10066,6224,Domínguez,2010.5,Shrubland,None,NA,267.6,Dry,490,,,,,,
10066,6225,Domínguez,2010.5,Shrubland,Drought,-21% rain,345.6,Dry,490,,,,,,
10066,6227,Domínguez,2011.5,Shrubland,None,NA,279.3,Dry,490,,,,,,
10066,6228,Domínguez,2011.5,Shrubland,Drought,-21% rain,427.5,Dry,490,,,,,,
10066,6230,Domínguez,2012.5,Shrubland,None,NA,343.1,Dry,490,,,,,,
10066,6231,Domínguez,2012.5,Shrubland,Drought,-21% rain,515.8,Dry,490,,,,,,
10066,6233,Domínguez,2013.5,Shrubland,None,NA,335.8,Dry,490,,,,,,
10066,6234,Domínguez,2013.5,Shrubland,Drought,-21% rain,554.2,Dry,490,,,,,,
10066,6236,Domínguez,2014.5,Shrubland,None,NA,325.6,Dry,490,,,,,,
10066,6237,Domínguez,2014.5,Shrubland,Drought,-21% rain,566.5,Dry,490,,,,,,
10066,6239,Domínguez,2015.5,Shrubland,None,NA,292.5,Dry,490,,,,,,
10066,6240,Domínguez,2015.5,Shrubland,Drought,-21% rain,484.5,Dry,490,,,,,,
10066,6242,Domínguez,2016.5,Shrubland,None,NA,306.4,Dry,490,,,,,,
10066,6243,Domínguez,2016.5,Shrubland,Drought,-21% rain,354.8,Dry,490,,,,,,
10075,6259,Yan,2008,Forest,Irrigated,NA,1990,Dry,NA,,,,,,
10075,6260,Yan,2008,Forest,Irrigated,NA,1771,Dry,NA,,,,,,
10075,6261,Yan,2008,Forest,Irrigated,NA,1695,Dry,NA,,,,,,
7857,6406,Wei,2009,Grassland,Irrigated,2 mm m-2,NA,Dry,4730,,,,,,
7857,6408,Wei,2010,Grassland,Irrigated,2 mm m-2,NA,Dry,4730,,,,,,
7857,6410,Wei,2011,Grassland,Irrigated,2 mm m-2,NA,Dry,4730,,,,,,
7436,6451,Silva Júnior,2005.5,Forest,None,NA,1309.37,Dry,NA,,,,,,
7436,6452,Silva Júnior,2005.5,Forest,Drought,70% total rainfall drained from plot,1214.77,Dry,NA,,,,,,
7593,6466,Wang,2010.5,Grassland,None,NA,NA,Dry,360,,,,,,
7593,6470,Wang,2011.5,Grassland,None,NA,NA,Dry,360,,,,,,
7593,6474,Wang,2010.5,Grassland,None,NA,NA,Dry,360,,,,,,
7593,6475,Wang,2010.5,Grassland,Irrigated,Winter,NA,Dry,360,,,,,,
7593,6476,Wang,2010.5,Grassland,Irrigated,Summer,NA,Dry,360,,,,,,
7593,6477,Wang,2011.5,Grassland,None,NA,NA,Dry,360,,,,,,
7593,6478,Wang,2011.5,Grassland,Irrigated,Winter,NA,Dry,360,,,,,,
7593,6479,Wang,2011.5,Grassland,Irrigated,Summer,NA,Dry,360,,,,,,
7607,6480,Wood,2008.5,Forest,None,NA,NA,Dry,300,,,,,,
7607,6481,Wood,2008.5,Forest,Drought,NA,NA,Dry,300,,,,,,
10483,6829,Han,2005.5,Grassland,None,NA,833,Dry,1324,,,,,,
10483,6830,Han,2005.5,Grassland,Precipitation amount change,0.3,851,Dry,1324,,,,,,
10483,6833,Han,2006.5,Grassland,None,NA,908,Dry,1324,,,,,,
10483,6834,Han,2006.5,Grassland,Precipitation amount change,0.3,1041,Dry,1324,,,,,,
10483,6837,Han,2007.5,Grassland,None,NA,587,Dry,1324,,,,,,
10483,6838,Han,2007.5,Grassland,Precipitation amount change,0.3,814,Dry,1324,,,,,,
10483,6841,Han,2008.5,Grassland,None,NA,870,Dry,1324,,,,,,
10483,6842,Han,2008.5,Grassland,Precipitation amount change,0.3,1060,Dry,1324,,,,,,
10483,6845,Han,2009.5,Grassland,None,NA,596,Dry,1324,,,,,,
10483,6846,Han,2009.5,Grassland,Precipitation amount change,0.3,833,Dry,1324,,,,,,
10483,6849,Han,2010.5,Grassland,None,NA,605,Dry,1324,,,,,,
10483,6850,Han,2010.5,Grassland,Precipitation amount change,0.3,984,Dry,1324,,,,,,
10483,6853,Han,2011.5,Grassland,None,NA,719,Dry,1324,,,,,,
10483,6854,Han,2011.5,Grassland,Precipitation amount change,0.3,1022,Dry,1324,,,,,,
10483,6857,Han,2012.5,Grassland,None,NA,473,Dry,1324,,,,,,
10483,6858,Han,2012.5,Grassland,Precipitation amount change,0.3,530,Dry,1324,,,,,,
10483,6861,Han,2013.5,Grassland,None,NA,889,Dry,1324,,,,,,
10483,6862,Han,2013.5,Grassland,Precipitation amount change,0.3,1135,Dry,1324,,,,,,
11855,7122,Ganjurjav,2009,Grassland,None,NA,NA,Dry,4600,,,,,,
11855,7123,Ganjurjav,2009,Grassland,Irrigated,NA,NA,Dry,4600,,,,,,
11855,7124,Ganjurjav,2010,Grassland,None,NA,NA,Dry,4600,,,,,,
11855,7125,Ganjurjav,2010,Grassland,Irrigated,NA,NA,Dry,4600,,,,,,
11859,7126,Escolar,2009.5,Grassland,None,NA,234,Dry,590,10,35.1,100,0.14,,Estimating SM_mean from SI; estimating SD from Figure 1
11859,7128,Escolar,2009.5,Grassland,Precipitation amount change,33%,229,Dry,590,10,34.35,63,0.07,,Estimating SM_mean from SI; estimating SD from Figure 1
11859,7130,Escolar,2009.5,Grassland,None,NA,112,Dry,590,10,16.8,100,0.14,,Estimating SM_mean from SI; estimating SD from Figure 1
11859,7132,Escolar,2009.5,Grassland,Precipitation amount change,33%,143,Dry,590,10,21.45,63,0.07,,Estimating SM_mean from SI; estimating SD from Figure 1
8163,7342,Jia,2010.5,Grassland,None,NA,NA,NA,NA,,,,,,
8163,7343,Jia,2010.5,Grassland,None,NA,NA,NA,NA,,,,,,
8163,7344,Jia,2010.5,Grassland,None,NA,NA,NA,NA,,,,,,
8163,7345,Jia,2010.5,Grassland,None,NA,NA,NA,NA,,,,,,
8163,7346,Jia,2010.5,Grassland,Irrigated,#ERROR!,NA,NA,NA,,,,,,
8163,7347,Jia,2010.5,Grassland,Irrigated,#ERROR!,NA,NA,NA,,,,,,
8163,7348,Jia,2010.5,Grassland,Irrigated,#ERROR!,NA,NA,NA,,,,,,
8163,7349,Jia,2010.5,Grassland,Irrigated,#ERROR!,NA,NA,NA,,,,,,
8163,7350,Jia,2011.5,Grassland,None,NA,NA,NA,NA,,,,,,
8163,7351,Jia,2011.5,Grassland,None,NA,NA,NA,NA,,,,,,
8163,7352,Jia,2011.5,Grassland,None,NA,NA,NA,NA,,,,,,
8163,7353,Jia,2011.5,Grassland,None,NA,NA,NA,NA,,,,,,
8163,7354,Jia,2011.5,Grassland,Irrigated,#ERROR!,NA,NA,NA,,,,,,
8163,7355,Jia,2011.5,Grassland,Irrigated,#ERROR!,NA,NA,NA,,,,,,
8163,7356,Jia,2011.5,Grassland,Irrigated,#ERROR!,NA,NA,NA,,,,,,
8163,7357,Jia,2011.5,Grassland,Irrigated,#ERROR!,NA,NA,NA,,,,,,
9557,7413,Martins,2013.5,Forest,Irrigated,"grey water N 0.6 mg/L, total P 3.0 mg/L",205.84,Dry,NA,4,12.865,153.984375,0.078,,SD estimated from Fig 1; MAP from Barton et al. ref
9557,7416,Martins,2013.5,Forest,None,NA,160.74,Dry,NA,4,10.716,100,0.022,,SD estimated from Fig 1
9557,7417,Martins,2013.5,Grassland,None,NA,332.02,Dry,NA,4,22.13466667,100,0.042,,SD estimated from Fig 1
9649,7476,Shen,2013.5,Grassland,None,Unwarmed plot + 0% precipitation level,NA,Dry,NA,,,,,,
9649,7478,Shen,2013.5,Grassland,Precipitation amount change,Unwarmed plot + 6% precipitation level,NA,Dry,NA,,,,,,
9649,7480,Shen,2013.5,Grassland,Precipitation amount change,Unwarmed plot + 25% precipitation level,NA,Dry,NA,,,,,,
11031,7700,Chang,2006,Forest,None,Standard rainfall,170.29,Dry,800,,,,,,
11031,7701,Chang,2006,Forest,Precipitation amount change,-15%,143.8,Dry,800,,,,,,
11031,7702,Chang,2006,Forest,None,No thinning,177.86,Dry,800,,,,,,
11031,7704,Chang,2006,Forest,None,Standard rainfall,177.86,Dry,800,,,,,,
11031,7705,Chang,2006,Forest,Precipitation amount change,-15%,113.53,Dry,800,,,,,,
11031,7706,Chang,2006,Forest,None,No thinning,124.88,Dry,800,,,,,,
11022,7738,Blessing,2009.5,NA,None,NA,NA,Dry,NA,,,,,,
11022,7739,Blessing,2009.5,NA,Drought,NA,NA,Dry,NA,,,,,,
11064,7866,Xu,2011.5,Grassland,None,NA,NA,Dry,1324,,,,,,
11064,7867,Xu,2011.5,Grassland,Irrigated,plus 15% precipitation,NA,Dry,1324,,,,,,
11064,7868,Xu,2011.5,Grassland,Irrigated,plus 30% precipitation,NA,Dry,1324,,,,,,
11064,7872,Xu,2011.5,Grassland,None,NA,NA,Dry,1324,,,,,,
11064,7873,Xu,2011.5,Grassland,Irrigated,plus 15% precipitation,NA,Dry,1324,,,,,,
11064,7874,Xu,2011.5,Grassland,Irrigated,plus 30% precipitation,NA,Dry,1324,,,,,,
11064,7878,Xu,2012.5,Grassland,None,NA,NA,Dry,1324,,,,,,
11064,7879,Xu,2012.5,Grassland,Irrigated,plus 15% precipitation,NA,Dry,1324,,,,,,
11064,7880,Xu,2012.5,Grassland,Irrigated,plus 30% precipitation,NA,Dry,1324,,,,,,
11064,7884,Xu,2012.5,Grassland,None,NA,NA,Dry,1324,,,,,,
11064,7885,Xu,2012.5,Grassland,Irrigated,plus 15% precipitation,NA,Dry,1324,,,,,,
11064,7886,Xu,2012.5,Grassland,Irrigated,plus 30% precipitation,NA,Dry,1324,,,,,,
11078,7891,Waring,2014.5,Forest,None,0 hr,NA,Wet,NA,,,,,,
11078,7892,Waring,2014.5,Forest,Precipitation amount change,"Single 50 mm simulated rain event, 0 hr",NA,Wet,NA,,,,,,
11078,7893,Waring,2014.5,Forest,Precipitation amount change,"two 50 mm simulated rain events, 0 hr",NA,Wet,NA,,,,,,
11078,7894,Waring,2014.5,Forest,None,10 mins,NA,Wet,NA,,,,,,
11078,7895,Waring,2014.5,Forest,Precipitation amount change,"Single 50 mm simulated rain event, 10 mins",NA,Wet,NA,,,,,,
11078,7896,Waring,2014.5,Forest,Precipitation amount change,"two 50 mm simulated rain events,10 mins",NA,Wet,NA,,,,,,
11078,7897,Waring,2014.5,Forest,None,24hr,NA,Wet,NA,,,,,,
11078,7898,Waring,2014.5,Forest,Precipitation amount change,"Single 50 mm simulated rain event, 24 hr",NA,Wet,NA,,,,,,
11078,7899,Waring,2014.5,Forest,Precipitation amount change,"two 50 mm simulated rain events, 24 hr",NA,Wet,NA,,,,,,
8350,8028,McDaniel,2009.5,NA,None,NA,379.7,Dry,NA,,,,,,
8350,8030,McDaniel,2009.5,Grassland,Precipitation amount change,23% more Precipitation,478.43,Dry,NA,,,,,,
8401,8059,Hagedorn,2007.5,Grassland,None,NA,NA,Dry,393,,,,,,
8401,8060,Hagedorn,2007.5,Grassland,Drought,NA,NA,Dry,393,,,,,,
8401,8061,Hagedorn,2007.5,Grassland,None,NA,NA,Dry,982,,,,,,
8401,8062,Hagedorn,2007.5,Grassland,Drought,NA,NA,Dry,982,,,,,,
8401,8063,Hagedorn,2007.5,Grassland,None,NA,NA,Dry,1978,,,,,,
8401,8064,Hagedorn,2007.5,Grassland,Drought,NA,NA,Dry,1978,,,,,,
8509,8151,Yan,2007,Forest,None,NA,NA,Dry,660,,,,,,
8509,8152,Yan,2007,Forest,Irrigated,350 m3 ha−1,NA,Dry,660,,,,,,
8509,8153,Yan,2007,Forest,Irrigated,700 m3 ha−1,NA,Dry,660,,,,,,
8509,8154,Yan,2007,Forest,None,NA,NA,Dry,660,,,,,,
8509,8155,Yan,2007,Forest,Irrigated,350 m3 ha−1,NA,Dry,660,,,,,,
8509,8156,Yan,2007,Forest,Irrigated,700 m3 ha−1,NA,Dry,660,,,,,,
8509,8157,Yan,2007,Forest,None,NA,NA,Dry,660,,,,,,
8509,8158,Yan,2007,Forest,Irrigated,350 m3 ha−1,NA,Dry,660,,,,,,
8509,8159,Yan,2007,Forest,Irrigated,700 m3 ha−1,NA,Dry,660,,,,,,
8551,8160,Bertolla,2006,Plantation,Irrigated,4 L h^-1,784,Dry,NA,,,,,,
8551,8161,Bertolla,2006,Plantation,None,NA,732,Dry,NA,,,,,,
8846,8301,Jia,2010.5,Grassland,None,NA,NA,Dry,NA,,,,,,
8846,8302,Jia,2010.5,Grassland,None,NA,NA,Dry,NA,,,,,,
8846,8303,Jia,2010.5,Grassland,None,NA,NA,Dry,NA,,,,,,
8846,8304,Jia,2010.5,Grassland,None,NA,NA,Dry,NA,,,,,,
8846,8305,Jia,2010.5,Grassland,Precipitation amount change,50mm/yr,NA,Dry,NA,,,,,,
8846,8306,Jia,2010.5,Grassland,Precipitation amount change,50mm/yr,NA,Dry,NA,,,,,,
8846,8307,Jia,2010.5,Grassland,Precipitation amount change,50mm/yr,NA,Dry,NA,,,,,,
8846,8308,Jia,2010.5,Grassland,Precipitation amount change,50mm/yr,NA,Dry,NA,,,,,,
8846,8309,Jia,2011.5,Grassland,None,NA,NA,Dry,NA,,,,,,
8846,8310,Jia,2011.5,Grassland,None,NA,NA,Dry,NA,,,,,,
8846,8311,Jia,2011.5,Grassland,None,NA,NA,Dry,NA,,,,,,
8846,8312,Jia,2011.5,Grassland,None,NA,NA,Dry,NA,,,,,,
8846,8313,Jia,2011.5,Grassland,Precipitation amount change,50mm/yr,NA,Dry,NA,,,,,,
8846,8314,Jia,2011.5,Grassland,Precipitation amount change,50mm/yr,NA,Dry,NA,,,,,,
8846,8315,Jia,2011.5,Grassland,Precipitation amount change,50mm/yr,NA,Dry,NA,,,,,,
8846,8316,Jia,2011.5,Grassland,Precipitation amount change,50mm/yr,NA,Dry,NA,,,,,,
11251,8427,Sharkhuu,2009.5,Grassland,Irrigated,NA,NA,Dry,1670,,,,,,
11251,8428,Sharkhuu,2009.5,Grassland,None,NA,NA,Dry,1670,,,,,,
11251,8429,Sharkhuu,2010.5,Grassland,Irrigated,NA,NA,Dry,1670,,,,,,
11251,8430,Sharkhuu,2010.5,Grassland,None,NA,NA,Dry,1670,,,,,,
11251,8431,Sharkhuu,2011.5,Grassland,Irrigated,NA,NA,Dry,1670,,,,,,
11251,8432,Sharkhuu,2011.5,Grassland,None,NA,NA,Dry,1670,,,,,,
11251,8434,Sharkhuu,2009.5,Grassland,None,NA,NA,Dry,1670,,,,,,
11251,8436,Sharkhuu,2010.5,Grassland,None,NA,NA,Dry,1670,,,,,,
11251,8438,Sharkhuu,2011.5,Grassland,None,NA,NA,Dry,1670,,,,,,
11291,8467,Meier,2013.5,Forest,Drought,NA,NA,Dry,300,,,,,,
11291,8468,Meier,2013.5,Forest,Drought,NA,NA,Dry,300,,,,,,
11291,8469,Meier,2013.5,Forest,Drought,NA,NA,Dry,300,,,,,,
11291,8470,Meier,2013.5,Forest,Drought,NA,NA,Dry,300,,,,,,
11291,8471,Meier,2013.5,Forest,Precipitation amount change,NA,NA,Dry,300,,,,,,
11291,8472,Meier,2013.5,Forest,Precipitation amount change,NA,NA,Dry,300,,,,,,
11291,8473,Meier,2013.5,Forest,Precipitation amount change,NA,NA,Dry,300,,,,,,
11291,8474,Meier,2013.5,Forest,Precipitation amount change,NA,NA,Dry,300,,,,,,
11261,8486,Hoover,2010,Grassland,None,NA,NA,Dry,NA,,,,,,
11261,8487,Hoover,2010,Grassland,Drought,NA,NA,Dry,NA,,,,,,
11261,8488,Hoover,2011,Grassland,None,NA,NA,Dry,NA,,,,,,
11261,8489,Hoover,2011,Grassland,Drought,NA,NA,Dry,NA,,,,,,
11261,8490,Hoover,2012,Grassland,None,NA,NA,Dry,NA,,,,,,
11261,8491,Hoover,2012,Grassland,Drought,NA,NA,Dry,NA,,,,,,
11541,8765,Hao,2013,Grassland,Precipitation amount change,NA,NA,Dry,1200,,,,,,
11541,8766,Hao,2013,Grassland,Precipitation amount change,NA,NA,Dry,1200,,,,,,
11541,8767,Hao,2013,Grassland,None,NA,NA,Dry,1200,,,,,,
9210,8836,Gong,2013,Grassland,None,NA,NA,Dry,NA,,,,,,
9210,8837,Gong,2013,Grassland,Irrigated,NA,NA,Dry,NA,,,,,,
9210,8838,Gong,2013,Grassland,Irrigated,NA,NA,Dry,NA,,,,,,
9210,8839,Gong,2013,Grassland,Irrigated,NA,NA,Dry,NA,,,,,,
9210,8840,Gong,2013,Grassland,None,NA,NA,Dry,NA,,,,,,
9210,8841,Gong,2013,Grassland,Irrigated,NA,NA,Dry,NA,,,,,,
9210,8842,Gong,2013,Grassland,Irrigated,NA,NA,Dry,NA,,,,,,
9210,8843,Gong,2013,Grassland,Irrigated,NA,NA,Dry,NA,,,,,,
9210,8844,Gong,2013,Grassland,None,NA,NA,Dry,NA,,,,,,
9210,8845,Gong,2013,Grassland,Irrigated,NA,NA,Dry,NA,,,,,,
9210,8846,Gong,2013,Grassland,Irrigated,NA,NA,Dry,NA,,,,,,
9210,8847,Gong,2013,Grassland,Irrigated,NA,NA,Dry,NA,,,,,,
9134,8921,Wang,2013,NA,Precipitation amount change,20 mm precipitation in 5 days,NA,Dry,1220,,,,,,
9134,8922,Wang,2013,NA,Precipitation amount change,40 mm precipitation in 10 days,NA,Dry,1220,,,,,,
9134,8923,Wang,2013,NA,Precipitation amount change,80 mm precipitation in 20 days,NA,Dry,1220,,,,,,
10526,9106,Lu,2014.5,Forest,None,NA,497,Dry,1400,,,,,,
10526,9107,Lu,2014.5,Forest,Precipitation amount change,32% of annual Precipitation excluded,567,Dry,1400,,,,,,
10526,9108,Lu,2015.5,Forest,None,NA,603,Dry,1400,,,,,,
10526,9109,Lu,2015.5,Forest,Precipitation amount change,26% of annual Precipitation excluded,576,Dry,1400,,,,,,
10696,9602,Darenova,2012.5,Grassland,Drought,Rainfall remove,NA,Dry,855,,,,,,
10696,9603,Darenova,2012.5,Grassland,None,Ambient rainfall conditions,NA,Dry,855,,,,,,
10696,9604,Darenova,2012.5,Grassland,Drought,Rainfall remove,NA,Dry,855,,,,,,
10715,9627,Montes,2013.5,NA,Irrigated,NA,NA,Dry,NA,,,,,,
10715,9628,Montes,2013.5,NA,None,NA,NA,Dry,NA,,,,,,
10737,9688,Dondini,2012.5,Forest,None,NA,NA,Dry,NA,,,,,,
10737,9689,Dondini,2012.5,Forest,None,NA,NA,Dry,NA,,,,,,
10737,9690,Dondini,2011,Agriculture,Irrigated,NA,NA,Dry,NA,,,,,,
10737,9691,Dondini,2012,Agriculture,Irrigated,NA,NA,Dry,NA,,,,,,
10766,9719,Li,2015,Agriculture,Irrigated,NA,NA,Dry,NA,,,,,,
10766,9720,Li,2015,Agriculture,None,NA,NA,Dry,NA,,,,,,
10815,9789,Li,2015.5,Forest,Precipitation amount change,NA,NA,Dry,NA,,,,,,
10815,9791,Li,2015.5,Forest,Precipitation amount change,−30% precipitation,NA,Dry,NA,,,,,,
10815,9793,Li,2015.5,Forest,Precipitation amount change,30% added precipitation,NA,Dry,NA,,,,,,
10816,9795,Munir,2012.5,Wetland,None,NA,NA,Wet,NA,,,,,,
10816,9796,Munir,2012.5,Wetland,None,NA,NA,Wet,NA,,,,,,
10816,9797,Munir,2012.5,Wetland,Drought,NA,NA,Wet,NA,,,,,,
10816,9798,Munir,2012.5,Wetland,Drought,NA,NA,Wet,NA,,,,,,
10797,9832,Miao,2010,Grassland,Drought,60%-,NA,Dry,1324,,,,,,
10797,9833,Miao,2010,Grassland,Drought,40%-,NA,Dry,1324,,,,,,
10797,9834,Miao,2010,Grassland,Drought,20%-,NA,Dry,1324,,,,,,
10797,9835,Miao,2010,Grassland,None,None,NA,Dry,1324,,,,,,
10797,9836,Miao,2010,Grassland,Precipitation amount change,20%+,NA,Dry,1324,,,,,,
10797,9837,Miao,2010,Grassland,Precipitation amount change,40%+,NA,Dry,1324,,,,,,
10797,9838,Miao,2010,Grassland,Precipitation amount change,60%+,NA,Dry,1324,,,,,,
10878,9925,Moinet,2014,Grassland,None,None,730,Dry,35,3,165,100,,,SD estimated from Figure 6
10878,9926,Moinet,2014,Grassland,Irrigated,NA,948,Dry,35,3,175,150,,,SD estimated from Figure 6; percent_control est. from 1B
10886,9937,Domínguez,2012,Shrubland,None,NA,NA,Dry,NA,,,,,,
10886,9938,Domínguez,2012,Shrubland,Drought,NA,NA,Dry,NA,,,,,,